Administrative,Administrative_Duration,Informational,Informational_Duration,ProductRelated,ProductRelated_Duration,BounceRates,ExitRates,PageValues,SpecialDay,Month,OperatingSystems,Browser,Region,TrafficType,VisitorType,Weekend,Revenue
6,125.72121975589923,6,172.43386627932455,75,1076.3537264359388,0.13234076909626935,0.07010373414784878,37.50994053183499,0.4,Mar,5,12,2,13,New_Visitor,True,True
3,137.36589851295437,7,8.900466919421945,95,2105.8203296662105,0.043825212934160175,0.0673640069369487,50.89417810092862,0.2,June,6,2,4,1,New_Visitor,False,False
12,103.61382450402823,0,202.62606226412677,96,58.33754487742902,0.022568637436724284,0.17662788437361227,31.904392987280737,1.0,Mar,4,2,8,20,Other,False,True
14,439.1103337395961,9,13.456070407070598,91,4291.195903666136,0.119286790925132,0.07089535080618715,96.89678620822997,0.6,Nov,1,9,3,7,New_Visitor,True,True
10,378.4995660861143,9,135.1791056949402,30,3658.4751488300367,0.09693790338726149,0.1280347940756038,93.30776530661451,0.8,Dec,4,10,6,9,Returning_Visitor,True,True
7,23.44823389560996,7,278.8280083419342,2,4734.312615516779,0.005373530808987059,0.05556699799434534,87.06714682143208,0.6,Sep,8,3,6,17,New_Visitor,False,False
12,134.3362410126537,3,49.56118180135505,62,3910.2612411900313,0.07609637709860717,0.06210046510867661,42.18298355226534,0.6,Oct,8,10,9,13,New_Visitor,False,True
4,11.092371015150814,3,116.96170588246324,49,1575.3954951398055,0.0212251170981991,0.15085224014642973,69.13017693352289,0.8,May,6,4,9,10,New_Visitor,True,True
6,249.08259332294648,3,218.95809265454352,9,1246.8880600548339,0.10627136635053905,0.15337721156412754,90.28293070359646,0.6,Aug,6,10,4,16,New_Visitor,True,True
9,238.10534839450708,5,264.6775668284543,92,3491.6043746909318,0.07915553593208616,0.10122041099126636,85.0429487678928,0.8,Dec,8,12,9,6,Returning_Visitor,False,False
2,415.68574503125063,6,201.28290142275236,31,1826.9227473023923,0.12263038222060359,0.08234146478645672,41.43270140202077,0.8,Aug,3,8,6,16,Returning_Visitor,False,True
6,153.88861988552472,5,77.45197625735076,98,2835.4129286055568,0.16112044375404766,0.1720565406135962,11.238604932226071,1.0,Feb,8,4,2,11,Other,True,False
10,408.1928676065312,0,202.38235587486486,61,41.22478042208644,0.05993373676829816,0.08256548442048356,7.563036383454946,1.0,Aug,4,11,6,20,Other,True,False
10,483.98688271991153,7,89.018292331227,79,318.8096513855715,0.1924204208330055,0.13130406044995696,57.70640452257027,0.8,May,5,10,2,3,Other,False,True
7,44.20411168282329,9,215.52876894562058,48,2681.4860264964395,0.1071269001175149,0.19523132612943583,64.26279352109316,0.2,May,4,10,8,9,New_Visitor,False,True
4,395.90891973481644,6,286.2099382755122,25,2834.697515776344,0.1236581597509576,0.07217786567935758,84.98426045970241,0.4,May,2,13,4,15,New_Visitor,True,True
3,294.977948568818,5,216.41803533188647,36,3759.7501928521247,0.1361344746451474,0.19113144012420635,29.251502034103105,0.2,Dec,1,7,5,13,Returning_Visitor,False,False
7,240.02298350923758,5,258.8641508737237,8,668.5069449235691,0.13334630597151795,0.07743395796030031,16.747049055004247,0.8,Dec,7,5,8,10,Other,False,False
7,210.26788933253755,4,0.6311529527650239,73,2570.783587946326,0.10219414860901242,0.13511648120348446,37.900583317819944,0.4,Oct,5,9,8,20,Returning_Visitor,False,True
2,392.33413197215475,5,215.2716374194783,58,980.2937457141261,0.08575285822293671,0.1065511567938117,35.35751236322751,1.0,Jul,3,4,6,13,Other,False,False
5,319.68067848712116,8,248.8762670595751,45,475.0486366178465,0.010756392835475581,0.19473929022527392,13.246895401785475,0.4,June,1,3,4,17,Other,True,False
4,402.5223337596809,9,12.167621263404428,62,2058.3740123621674,0.0044171690602359485,0.09103130435029055,67.22826525131521,0.8,Nov,1,13,1,7,Other,True,True
1,451.5755293383131,8,261.4793181864692,39,825.0498739643956,0.07159223890655293,0.10994870031286305,50.869194072937596,1.0,Nov,7,2,7,6,New_Visitor,False,False
7,308.631856048646,9,77.00826849301376,96,1116.6920711796697,0.06673217812673853,0.1974290176783131,72.11227561147663,0.4,Feb,2,1,8,13,Other,False,True
11,490.2313625461889,7,199.58763059341658,58,1594.5973535488138,0.07753903096780135,0.130470558678271,35.269112016973466,0.4,Mar,2,11,9,17,Other,False,False
13,304.0439247709426,9,240.106463707022,81,1304.3481197085493,0.027673640177638004,0.12539451734318802,32.57022115777023,0.2,Oct,2,6,2,15,New_Visitor,False,False
5,318.32216081114126,8,198.79935391780666,99,447.0805740556725,0.14763365410736873,0.08866677323059871,47.257585304385564,0.4,Jul,5,10,1,4,Other,True,False
1,277.4078042711128,9,27.685437621977172,83,458.6820618499144,0.1713928829552478,0.15520453404656626,87.7407345395147,0.8,Sep,4,2,4,15,New_Visitor,False,True
11,45.50104552566514,7,178.8964556581105,64,974.3145820184991,0.187742927074807,0.05215594276666665,4.028130673398033,0.0,Feb,1,8,5,14,New_Visitor,False,False
4,363.19851632511416,7,164.87509701664308,44,262.29034791809937,0.09847246070392518,0.05742689445534403,80.4832817296472,0.0,Dec,4,6,1,11,Returning_Visitor,True,True
0,273.72315344955575,0,270.09638042228147,29,3136.020528187866,0.14017313982508572,0.1399037880703704,36.89876126577565,0.0,Jul,4,12,5,4,New_Visitor,True,True
11,225.45522370805222,9,121.27191889326275,59,1443.7603153794207,0.17111022468717452,0.10125118607276812,85.46190257884777,0.8,May,2,12,6,3,New_Visitor,False,True
9,455.2356392016365,4,96.32432912611503,71,1405.9323791676643,0.08365822221869719,0.1929974558301441,80.22030088358565,0.0,Dec,4,5,3,2,New_Visitor,True,False
5,148.97972577097522,3,224.9552293309399,92,1666.6714882464482,0.061882558974088876,0.1854786036084179,34.87612473960884,0.2,Mar,1,13,7,20,Other,True,True
12,261.8011380075056,1,123.80259782501899,9,3317.353408306511,0.18734491117069804,0.1570559388015061,69.3876535321616,0.8,Mar,1,2,6,10,Returning_Visitor,False,False
11,348.82093574673166,7,193.8288525015189,92,4354.463068602618,0.10313531021541462,0.17272183716917022,15.963275677344013,1.0,Nov,6,7,4,13,Other,False,True
8,398.2358878369386,2,193.9350270373821,6,3797.8437934526355,0.0994507773181756,0.15009977745015401,89.6281552163788,0.8,June,3,2,3,20,New_Visitor,True,True
0,229.6734039730862,3,266.41171930803534,29,3640.370858823224,0.03568321931269915,0.0688373154065241,40.44910644519094,0.8,June,5,13,5,18,New_Visitor,False,False
10,421.0457075093548,6,179.6077206957292,58,2427.1120161482377,0.02163100291467135,0.16483150545338043,45.56256153552002,0.4,Sep,4,5,3,16,Returning_Visitor,True,False
10,384.45887065769875,9,150.64608298859608,17,3472.0897292673844,0.16842137249670233,0.08152879530782697,70.57590510369849,0.4,Dec,5,2,9,11,Returning_Visitor,True,True
14,33.11798892593293,8,41.6613979189551,16,2768.2842164875797,0.12282663523750362,0.09851642826502952,82.0840236704851,0.4,Dec,5,11,9,10,New_Visitor,True,True
9,22.930633202316475,1,34.721282003611606,87,1089.0901356507793,0.06516491680388974,0.17288513181536305,23.634274332820958,0.6,Mar,5,10,6,9,New_Visitor,False,False
11,310.40284221104565,2,46.29646958492381,95,1050.855955027843,0.038347243478053294,0.13047884125901726,66.13501398769954,0.2,May,7,11,6,12,Other,False,True
11,173.70670411270711,3,51.55454439812836,3,1488.9961143076644,0.11109945603392629,0.17899110712751143,39.19980438891485,0.8,May,8,11,4,19,New_Visitor,True,False
14,104.56539553925708,9,191.36312779909017,21,4554.905328139368,0.11678385785222707,0.08195529797648964,36.87029240039613,0.8,Aug,6,2,4,1,Other,True,True
13,289.8249672358692,0,222.29437508237356,64,2741.600053494832,0.04139872024901164,0.1411667657910331,69.00258239406547,0.4,May,5,7,2,18,Returning_Visitor,False,True
13,170.78160522827253,6,158.9974568779256,90,3672.1878312393283,0.1702811495782948,0.06256864588223925,38.718327415593436,0.8,Jul,8,9,4,14,Other,True,True
14,268.63170835703505,1,248.7053197636473,36,1739.3282114845724,0.01685287323117022,0.14645914903100446,34.610850016440764,1.0,June,8,5,8,1,New_Visitor,True,True
13,230.05957949178602,4,297.37896802009,86,2044.501695619474,0.07121861703328435,0.1643801056663302,83.58884081262424,0.8,May,6,7,2,17,Other,False,True
2,292.38305297457686,0,246.0037887358068,62,636.5722373998843,0.13607688275250443,0.13773963409680828,10.127612383100637,0.0,Oct,1,4,9,11,Other,False,True
11,200.1502444551407,2,208.46471210278776,42,864.7618395301351,0.05482407276384014,0.08993472522482154,67.58926228302107,1.0,Dec,7,2,1,20,Returning_Visitor,False,True
6,348.8337868484659,1,159.747809831144,76,4138.509208582466,0.16553503895625438,0.05470140032883001,24.872539379062463,1.0,May,4,3,2,15,Other,False,False
3,90.03363617464927,0,134.65592150241247,42,2928.3447721275215,0.1479735653200807,0.06791733259464287,1.5498241826190307,0.8,Aug,6,2,2,4,New_Visitor,True,False
8,348.25073311353947,6,25.3177141633627,61,1694.2870047602564,0.15780456890962685,0.14334544686110395,16.6764268872692,0.6,Sep,3,5,6,15,Other,False,False
2,205.83060717876407,4,119.81062451840728,13,4016.2275328877745,0.023821307175343254,0.19016303252637706,60.666152977586776,0.4,Sep,8,6,7,14,Other,False,False
4,437.15880242720857,0,273.04039103464027,11,1240.1343291335352,0.028109425599108586,0.08098016059580096,70.91271914859374,0.2,Mar,5,7,3,1,Other,True,True
2,257.6180274321054,5,242.40678897196588,54,4880.403166015017,0.057294747548916725,0.16025392236576486,2.105778355632004,0.2,May,8,3,9,9,New_Visitor,True,False
6,486.55517463505214,4,64.81540950350616,16,1730.6398626533871,0.10361543303951222,0.17996765948735627,3.642544330172015,0.0,Dec,7,4,5,7,Other,True,False
4,300.96769777048013,2,139.98233540916476,8,1693.1816612146256,0.1496032153398805,0.12813232676712666,90.25421148429531,0.2,Dec,3,8,5,11,New_Visitor,False,True
8,111.9245329531603,6,245.01696076756338,59,1566.440408628159,0.1673061781521807,0.1503898693765487,7.330581811371983,0.2,June,1,4,4,2,Other,True,False
6,410.8953184222246,9,20.215366435656755,57,619.3364644621968,0.1408670631914361,0.17225229750142224,89.41821586165713,0.4,Sep,1,7,9,2,Returning_Visitor,False,True
1,172.54131391119338,8,116.2177757005978,40,564.5743651867419,0.18571937630612767,0.08910127366108905,22.816591375090578,0.4,Mar,2,12,8,6,Returning_Visitor,True,False
3,173.80960724134175,8,255.55237106218428,59,3244.0441223252756,0.14774870192318607,0.09453435114020645,74.00178001582128,0.6,May,5,6,4,19,Returning_Visitor,False,True
8,15.902340742582567,8,121.16935925103712,2,4376.839042344654,0.061253577400922944,0.05009412749426843,30.973324894601205,0.0,Sep,2,7,4,20,New_Visitor,True,False
11,274.3576546037043,1,23.28439341943226,94,3954.6973462556507,0.05301625686771452,0.19446411963467042,85.87520256091838,0.2,Sep,7,1,2,14,New_Visitor,False,True
13,267.2117518662615,2,162.76031055967545,94,714.1268941665419,0.139238490060218,0.18763173418945173,70.04548654243578,0.6,Dec,3,3,9,3,New_Visitor,False,True
1,177.99574213599305,6,258.5227484754886,76,2732.4547877424116,0.038574113737922855,0.16468523956391456,40.181345860169515,0.0,May,8,6,3,7,Other,True,True
9,447.10863144796286,4,177.08566288594793,10,536.9018144234336,0.018542962162053978,0.061861403146497226,7.630245417407955,1.0,Feb,4,3,4,7,New_Visitor,True,False
8,64.37419914982195,1,67.88373246426954,44,236.02027162925646,0.10644457497123878,0.11712543345492624,73.27001838708071,0.2,May,2,7,7,4,New_Visitor,False,True
9,165.04975665507772,2,115.2718860412144,11,3285.3654383299886,0.16432831395579106,0.06528376309573293,61.68847559651815,0.2,Jul,1,9,8,5,New_Visitor,True,True
4,160.7913823400145,9,135.03700835457965,79,2680.410145064948,0.02027596849397271,0.052388040089419795,0.29117178337887406,0.4,Sep,5,3,8,17,New_Visitor,False,False
1,46.14529311437304,5,173.77990614615805,80,419.29818920523957,0.15837826475914585,0.14242744478188962,0.9419855972445323,0.8,June,8,1,4,4,Returning_Visitor,False,True
3,240.5726970281466,6,227.8053077257839,81,184.34683956588233,0.16231440087030963,0.19412441256202828,80.8792973192694,0.0,Feb,3,10,7,13,Other,False,True
11,343.8923585480415,8,29.66208529219062,90,4948.88450291258,0.09645480001630871,0.18543020351482253,25.939973880185384,0.2,Aug,6,13,1,16,Returning_Visitor,True,False
14,255.8285067736306,0,266.8956099052699,2,159.80644742386866,0.011462062002097363,0.15451322224031067,63.613366772806565,0.0,Mar,7,6,6,16,Other,False,True
11,78.48884135809686,6,3.692910904822677,50,2228.195982720297,0.03491797024943728,0.06449608762473072,45.42144197652475,0.6,May,7,12,6,2,Other,False,False
6,188.64298262103628,7,111.01570040227658,12,2528.048932792401,0.1414852550323865,0.09112460565084503,86.34300145217672,0.6,June,1,1,6,18,Returning_Visitor,False,True
11,1.2975121918232801,2,8.226092991797296,90,595.2279375242208,0.1423555889981899,0.09800850903279365,91.69611131024887,0.8,Aug,6,1,2,1,New_Visitor,False,True
12,434.1505535177934,3,117.89226760358737,23,853.6182744141842,0.1796710550335331,0.16447250866183422,99.6807712678854,0.2,Aug,7,8,8,18,Returning_Visitor,True,True
7,42.258503840340964,9,157.74377966199714,18,1765.506981987659,0.11653722931091658,0.17033737688526712,15.368413580724683,0.4,Sep,4,9,5,8,Other,True,False
14,298.6390411277153,5,153.50441597445354,62,3810.7626223061766,0.02482147354275548,0.10776591844848807,86.29640464754755,0.2,Jul,8,2,5,11,Other,False,True
2,493.1284979334076,9,49.688504108479606,96,2540.341296060731,0.02428298110099443,0.11268259949264146,26.602137672880176,0.0,Sep,5,9,2,15,New_Visitor,True,False
13,268.2953229936663,6,193.7221530286837,62,3193.130354019278,0.14422647147136475,0.0566763558914257,59.08158748955077,1.0,Mar,8,5,4,16,Returning_Visitor,True,True
0,462.02087955371655,3,13.433535151400466,38,4926.021029902467,0.03675693302158023,0.09337050776281416,50.57728338692109,0.6,Feb,4,13,9,17,Other,False,True
3,118.05826655870216,7,228.57204603972463,67,3842.347122212916,0.06567709992332108,0.11769277657664601,1.7988131572387656,0.0,Dec,7,8,9,17,Returning_Visitor,True,False
1,379.9777044687928,4,283.99333019806386,38,2177.463875724676,0.09744240138438279,0.06754745695778865,93.27712799060947,0.8,Oct,4,7,6,12,New_Visitor,True,False
7,265.63287698676703,0,101.93064814533537,67,2237.7451897647784,0.0049529755152302405,0.11799011911325322,7.8327055149218445,0.6,Feb,8,7,9,10,New_Visitor,True,False
3,360.25803069573243,3,155.17181451429957,94,3097.672664434615,0.04976380540398637,0.1779763718386701,68.82189194077358,0.4,Mar,7,4,4,20,Other,True,True
1,31.170681255620725,2,113.67308341764432,61,3330.1723900103325,0.08157792170145602,0.13719815295875804,78.50068362082621,0.6,Dec,5,2,1,6,New_Visitor,True,True
13,73.86954595311335,8,2.0131170912179863,1,2508.54751992499,0.055927263698641254,0.06183947825576185,79.52878490476843,1.0,Aug,5,5,2,8,Other,True,True
5,66.55846429373912,7,115.76235086853478,94,3227.85750184675,0.027274065493513168,0.07875069782454115,13.549451892884479,0.2,Feb,6,11,1,13,Other,False,False
5,343.5827527016655,0,237.51607777840394,45,127.42714712635286,0.14560245155923948,0.12118165252378345,44.75699505079721,1.0,Dec,4,11,8,2,New_Visitor,True,False
9,422.2203363168144,5,178.79665265504454,96,2153.8180908452523,0.162629531033597,0.10422307247327182,82.94288704339799,1.0,May,3,3,9,19,New_Visitor,False,True
3,374.8081160042937,8,30.377974384547677,28,1401.900999606649,0.05149579522874497,0.10380905293191482,30.267921037875468,0.2,Sep,6,9,6,10,Returning_Visitor,False,True
5,15.23607636679708,6,254.1418469081355,21,654.5804817631208,0.15488389892126067,0.12939011722153854,46.774867537466356,0.6,Oct,5,6,2,4,Returning_Visitor,False,True
12,433.6074905373616,3,159.32560346557284,13,506.7370989157879,0.07711071288026278,0.1376593882384186,27.279389269984577,0.8,June,1,1,6,12,Other,True,True
14,177.07333539656273,0,252.51700852340284,27,3019.928906417191,0.10133715817080056,0.16952923554142868,46.355141788532414,0.2,May,7,3,9,18,Returning_Visitor,True,True
1,198.58191625204125,1,174.06645563550882,7,2622.7667302915324,0.17120021497863058,0.1011449845193727,88.783792259288,0.2,Feb,6,12,3,7,Other,False,True
9,52.43458326624045,4,167.90653345138196,22,1275.3847438118821,0.14999073636048157,0.17081994245608803,45.512423103276944,0.4,Nov,2,4,9,20,New_Visitor,False,False
11,368.70260304690953,4,31.577755559103714,74,2360.040793274847,0.16102337026323554,0.1007916843668949,55.591201707432035,0.6,Dec,3,9,2,4,New_Visitor,False,False
1,91.14193923797903,7,50.207919941588386,53,2466.2392527602174,0.027369033317271363,0.05831494834118508,40.39762833030836,0.2,Aug,7,11,5,7,Returning_Visitor,True,False
9,281.9825460094182,5,291.60757694897734,79,983.0948123886928,0.013943885166745896,0.13312814765071868,46.01171832033255,0.8,Aug,6,6,2,10,Other,True,True
13,420.35499293896555,7,68.54602402643123,79,3263.9443787894365,0.17868094581759741,0.1381853487342222,1.51741990464217,0.0,Nov,5,4,7,15,Other,True,False
3,44.6021643560281,1,293.2356353971104,4,3906.7875883665915,0.07756685391421887,0.19018103684327903,28.3745509960456,0.6,Feb,8,1,9,12,Returning_Visitor,False,True
13,267.66778200776173,2,159.57381195727902,96,3959.4030690387,0.057575935613936174,0.15890919890937116,43.65817217418244,0.4,Aug,5,8,7,1,Other,True,False
14,116.60820577490061,5,40.73671411918114,23,3016.3244552102406,0.1449392508523649,0.18766589787416593,63.37969759927289,1.0,Jul,3,11,5,20,Other,True,True
14,171.46343213913013,9,29.790660826107885,70,2563.0765267698803,0.16728311931597134,0.18625208153645145,45.00519305538921,0.2,Aug,2,2,4,18,New_Visitor,False,True
7,236.98497071527808,2,62.65922121172199,88,314.4256435969205,0.1724979243796602,0.14068611653873633,33.7817043321564,0.8,Oct,6,11,4,16,Other,True,True
13,177.55215163965238,5,277.69119900760074,84,1446.2781812695132,0.06319942822504547,0.12916430980046714,38.809873534415715,0.6,Jul,8,11,8,5,Other,False,True
6,324.411420145788,5,124.24506729846804,84,475.4245194230678,0.17044247824033482,0.13361614507454,24.22933292004665,0.8,Mar,6,8,1,19,Other,True,True
11,239.7910508771251,1,118.63028039787432,76,4819.477572783583,0.008186788874869079,0.19674962115158717,92.44942827740529,0.8,Mar,4,6,5,4,Returning_Visitor,False,True
8,292.0997423570846,6,93.96187832105221,33,684.049929666546,0.009932298291943776,0.16597515376204386,52.17432257909146,1.0,Dec,1,8,2,6,Returning_Visitor,True,False
13,368.41123769745644,1,44.11855516997652,28,767.3592951569992,0.1247038390348309,0.06593988571885938,1.3409453872123112,0.4,Jul,5,6,9,17,Returning_Visitor,False,False
7,278.8711329752187,5,146.35535915772192,8,4448.987325469156,0.012621273823109248,0.16676426101721,1.9446258419546614,0.6,May,6,5,7,7,Other,True,False
4,293.2677173303795,0,39.01433475334161,1,4720.202134547525,0.0649218337020323,0.07558070733473389,97.29616349520415,0.2,Dec,6,5,8,7,Other,False,True
12,282.22927126132066,2,250.6440709146983,37,3831.4869057822,0.1345511972493848,0.11710258235084386,22.145089137324504,0.4,May,7,10,6,9,Returning_Visitor,False,False
1,189.38631297564467,1,111.11909588259195,63,36.97056912662265,0.06745337921084527,0.08156895082648015,80.56082888143146,0.2,Oct,7,10,9,13,Returning_Visitor,True,True
14,168.72341693595905,6,112.4410703345389,22,16.717892073252862,0.03591995628801919,0.15343745982998447,5.827530156057447,0.0,Sep,6,11,6,20,Other,True,False
4,449.82369857250615,3,142.20192854494675,70,1896.7228412393795,0.05627012437076833,0.1815964604289554,92.11627366945491,0.8,Feb,2,8,7,14,Other,False,True
7,303.7776111467864,7,133.2383139497255,21,725.5428963543537,0.09151506645008636,0.09355428280500215,87.44170036666785,0.0,Jul,1,7,7,16,New_Visitor,True,True
9,122.17657773232726,5,298.4573919177965,96,101.74684933647045,0.09507717107109648,0.06230161118122815,57.10931624345147,0.8,Nov,6,8,9,9,Returning_Visitor,False,True
8,249.12384892447008,9,163.61433636549074,35,2325.6927801284783,0.1566000462694404,0.0947739647112445,0.8998657283255773,1.0,June,3,12,8,15,Other,False,False
11,165.174240640457,3,26.460511136961205,79,4715.878868060788,0.15003064588630252,0.15085427868982917,25.781087402333757,0.4,Feb,5,8,1,5,Returning_Visitor,True,False
11,466.8459118799373,4,182.063202473079,5,1625.8596787631327,0.09136356091122705,0.09931401913316751,40.682264739846495,0.2,Oct,4,7,4,18,Returning_Visitor,True,True
11,3.76718156703737,8,45.47528786096399,60,3309.0919853591954,0.1691334698197543,0.09171682513307053,46.00641167475617,1.0,Jul,7,2,7,20,Returning_Visitor,True,True
12,112.66639885626411,6,9.281293419402592,46,3264.6544121308793,0.02284742771827917,0.07766527858763975,29.767875856237204,0.2,Mar,3,11,8,8,New_Visitor,False,False
8,182.67840983702882,9,291.22264610317444,50,1262.889717289187,0.0510706700457803,0.12462746403116505,3.2947868245529977,0.4,Feb,5,9,7,15,Other,False,False
12,243.90490040436896,8,232.06166746036916,48,3255.621991631083,0.16559529270045031,0.09139232422357815,59.01274059265421,0.6,May,8,13,3,9,Other,True,True
14,425.4087589180731,6,294.03269772413006,6,1069.5465316915875,0.07559880772523063,0.1596515523709225,52.41546676947559,0.0,Nov,7,7,4,19,Returning_Visitor,False,False
12,43.94381227007194,0,143.36353440667273,89,618.8169937486763,0.19623631175876843,0.061493360298830416,28.300063542907772,0.0,Feb,2,12,7,6,Other,False,True
0,402.9324433705717,7,159.67725934469283,56,3509.9025949428537,0.09325065630556709,0.14960495496669765,3.797596756960653,0.2,June,7,11,8,4,New_Visitor,True,False
8,27.82674467848767,3,50.50108677573907,59,576.0696773485445,0.15838712459275284,0.08563400218516548,99.45941872219402,0.2,Oct,1,6,7,11,Returning_Visitor,False,True
6,421.1570176490908,2,74.07222800027567,29,4984.5770007608835,0.0804614082764744,0.12339188915774048,48.19861868264059,0.2,Oct,1,9,6,10,New_Visitor,False,True
8,25.81773893725642,6,251.56476447084844,71,925.4274817396442,0.08499070381248608,0.0929134883046891,75.60042417740772,0.4,Dec,5,13,9,3,New_Visitor,False,True
7,9.121240714180523,2,106.85569413527824,77,2974.767895154723,0.0765766294568367,0.15841530140161936,45.23140350513355,0.6,Oct,3,1,9,1,Other,True,True
0,348.48073118321076,7,248.0444921389257,18,2062.759111348821,0.14381512410216235,0.19179605603774552,4.317029086294144,0.0,Dec,4,11,7,12,Other,True,False
11,498.62776738419717,5,212.70411728610955,2,640.6682478042788,0.1095035768119989,0.18756151692047202,30.960074508550008,1.0,Oct,2,2,8,15,New_Visitor,False,False
7,448.3051314870104,4,53.151277581559654,8,148.94109881129285,0.18875562227367382,0.13751393227161368,32.01101410059012,0.8,June,5,13,6,15,Other,True,False
7,287.99920890283,3,152.23390983592265,75,3117.4340886412383,0.05017806330682095,0.11939154548854677,83.8352904049016,0.4,Oct,8,1,1,14,New_Visitor,False,True
14,458.6978065427658,7,203.21619645561506,97,4035.720243307739,0.020112546416688873,0.1727450764159073,65.42299779998744,0.0,Nov,2,10,1,7,New_Visitor,True,True
10,2.6500031988027084,7,70.51116444114753,54,4211.658150918653,0.07865229701984305,0.1524989543941595,27.542990363947283,0.6,Sep,1,12,6,17,Returning_Visitor,False,True
2,487.53358147257126,0,249.20655315602306,38,2418.740230653903,0.1233425415293552,0.07753461713253994,96.7739954659086,0.4,Mar,6,3,2,19,New_Visitor,False,True
0,245.37438962939223,8,163.44829726355604,48,3889.502781240104,0.172159787383099,0.17313788204195008,32.15418323978714,1.0,Nov,6,11,8,7,New_Visitor,False,False
7,361.4480483108878,4,49.57261513278096,27,3367.5071961078384,0.06923937733606554,0.11433265840920653,99.82340258287203,0.0,Oct,4,5,1,3,Other,False,True
2,410.4307365766763,3,174.89532784938072,20,3624.0300922206748,0.13075735022489232,0.07834784899567628,99.61636931702633,0.4,Jul,2,1,2,3,Returning_Visitor,True,True
2,359.22863541827684,5,299.9141412467742,12,2468.0690360568524,0.07003973620464381,0.09226960255947388,19.12105177467418,0.0,May,5,4,8,18,Other,False,True
0,267.51836602245527,5,45.15644749902407,43,3170.724583808214,0.12344391659889163,0.09012905453725137,31.274111618840017,0.0,Sep,4,13,6,20,Returning_Visitor,False,False
10,238.309742063206,1,245.02707903585843,61,4029.5743087445244,0.1769615894061302,0.12788104619051904,48.60441984846542,0.6,Mar,7,8,2,14,Other,True,True
4,419.29127935131237,7,62.19270095626739,31,1995.442036029545,0.04627152845188181,0.08515551360168133,66.4100671147891,0.8,May,7,6,2,3,New_Visitor,True,True
9,102.53878007472956,6,234.71649883802618,91,4031.834715329243,0.08084832842140784,0.06853497311023643,52.80474490037993,0.6,Nov,8,13,7,7,Returning_Visitor,False,False
6,483.99703325211715,0,220.37337693642397,96,2964.164045517424,0.19865303928594932,0.06855362759206411,96.94414691322568,0.0,June,3,1,5,7,Returning_Visitor,False,True
9,355.4762394183741,4,90.1468156801297,61,837.8461116102234,0.17371140564989218,0.13749142957086452,72.39891642356915,0.4,June,6,12,5,5,Returning_Visitor,True,True
8,99.75346366915988,5,97.74693526933494,74,133.17394455067722,0.1129279715792404,0.16021389332740682,21.20448493829744,1.0,May,5,1,8,3,Returning_Visitor,False,False
11,368.12359184924406,3,237.75641758887573,67,1820.1404659917687,0.10332551837085507,0.09822995132575113,10.509755021363832,0.6,Jul,2,3,7,18,Other,False,False
6,264.9200115905583,1,138.43365356619378,91,2738.014678198736,0.0569200764609362,0.05519760647210256,68.84012907093567,0.8,May,4,10,9,15,Other,False,True
8,353.61504782222227,3,219.24540861354262,35,4200.703557495407,0.10344188553870588,0.06908373304055161,15.845244018076299,0.0,Nov,5,8,4,20,Returning_Visitor,False,True
7,383.8897507214194,0,44.39524420975043,95,646.1535438998285,0.16963629965598945,0.1872041840505586,78.76768403357542,1.0,May,4,11,4,14,Returning_Visitor,False,True
11,43.64508979483772,6,255.76733457046606,15,4003.02967494106,0.13703490265555612,0.12403154893841796,31.103666726033698,0.6,Mar,4,11,2,4,Returning_Visitor,False,False
1,253.0519781796735,1,213.26541500469574,16,4316.415139875462,0.05800880563559732,0.11803592144227623,32.68932630556065,0.6,Jul,4,8,3,8,Other,False,True
0,466.00717112846706,1,272.0828426504502,13,761.9305601341606,0.04029278421070659,0.05570737674651364,1.0798392389511968,0.6,Aug,2,13,1,13,Returning_Visitor,False,True
6,160.32109607975715,8,39.711713710491736,35,4259.455653328053,0.053041707399365826,0.15929555334753487,70.10112670950407,0.6,Feb,5,3,1,8,Returning_Visitor,False,False
6,296.9415487789494,4,177.9043501081793,75,4957.353303535532,0.03395184027856531,0.12921021213981185,11.32697530646858,1.0,Aug,1,7,7,15,Returning_Visitor,True,True
13,184.61524075494808,1,179.73617551209756,59,3636.9257669307053,0.01912813920474319,0.08031214041297813,77.28805774635181,0.4,Dec,1,12,5,17,Other,True,True
7,227.13398610954982,8,106.03822216403474,21,3926.00071230669,0.083827234888411,0.06651106402715859,49.18678219172068,0.8,May,2,3,3,5,New_Visitor,True,True
4,274.3015589690766,8,137.53992737077735,54,4972.132185118779,0.02265992087965354,0.10750817954479978,78.4279814954569,0.8,June,7,4,7,20,New_Visitor,False,True
2,274.46098994448863,0,11.394468986956042,75,3031.3514401244674,0.03438251154542087,0.1755742946292539,58.392653919774126,0.0,Aug,2,9,2,4,Other,False,True
11,100.86523116511792,2,223.7580115881036,30,1546.3530462610845,0.10946493686789723,0.17979418388015367,8.243327201899076,0.2,Oct,6,13,3,11,New_Visitor,False,False
7,342.2857739399167,3,164.7967438209522,48,4189.278862039518,0.03291985473991495,0.1404269570593455,76.56523367051831,0.4,Nov,4,4,1,18,Returning_Visitor,True,True
5,43.934055621328405,6,17.322315560752134,35,3076.28402978304,0.01277595348618057,0.15913046408452142,6.979948489474975,0.0,Aug,5,3,8,10,Returning_Visitor,True,False
10,69.4123867210102,9,204.22676788814567,86,2910.165164367573,0.06347777000557704,0.06727336811043055,47.87017205693323,0.0,Sep,5,5,2,17,Other,False,True
2,1.3554497071648353,3,140.03462316935637,38,1275.641422015051,0.04406381972439351,0.13821890982017826,17.23492141449633,0.6,Jul,3,7,7,15,Other,True,False
0,58.34803207084066,1,10.3383778275,31,3784.1080052186044,0.10306103759887536,0.15004485552307728,75.2335177977885,0.2,Nov,3,5,9,6,New_Visitor,True,True
2,236.58310052594612,6,290.8823180544286,78,417.51970654188034,0.020473416916641864,0.08010692643706883,91.15912278061266,0.2,June,8,4,6,16,New_Visitor,False,True
4,303.0509405279193,5,284.73364292683215,24,4622.192483265359,0.15035415753659565,0.18202320993653887,55.41261633582742,0.4,Dec,1,8,2,15,Returning_Visitor,False,False
14,397.14472498323124,2,153.87072484415927,49,1635.859069244719,0.18124670388702774,0.07924951062815297,52.71472942991805,0.2,Aug,3,4,2,8,Other,True,True
13,53.34962505671803,5,28.10172621177306,96,647.5955174220524,0.14868703479123888,0.09702160397696757,76.3963196325618,0.0,Jul,3,2,9,9,New_Visitor,False,True
2,425.3637300082274,5,226.38636647957753,32,2217.40900018107,0.10656540748027886,0.1430835270535188,0.5078812975727209,0.2,Feb,1,10,8,11,New_Visitor,True,False
0,372.98726277435907,4,147.5793300317187,55,221.92484719010045,0.17213356435777705,0.14575250976960963,91.77586426351607,0.2,Jul,6,13,9,2,Returning_Visitor,True,True
4,204.25914646795846,3,90.73424348681397,79,3426.284709382182,0.1389836759563015,0.1549077111481051,19.744881709113173,0.8,Jul,7,6,4,13,Returning_Visitor,True,True
9,466.4690335499773,9,147.42545325856702,58,4514.500497122327,0.0021102244900379707,0.06680175696023086,98.41188838262373,0.0,Nov,1,2,4,4,Returning_Visitor,False,True
6,495.4647382286953,0,156.73324362163933,99,4187.942405621158,0.07881803055490062,0.1774196644892833,73.62539479604622,1.0,Feb,7,3,2,9,Returning_Visitor,True,True
14,102.50090502661863,9,168.81350970670175,3,645.5736725049265,0.17019037988136002,0.12992706984248897,77.42511477006711,0.2,Jul,8,1,1,5,New_Visitor,True,True
13,189.6142924819002,5,132.36711409659796,80,640.0929741675819,0.06917177159505386,0.12069826911576027,65.62029803736066,0.2,Sep,3,5,4,19,Other,False,True
6,463.2247117948556,1,181.726590941717,69,4069.0380667980776,0.0070430347051047,0.19716464367702646,47.16631827851603,0.6,Aug,5,9,8,3,Other,False,True
10,360.7982753756386,2,275.6204131819132,85,4622.028830269548,0.14923592771045446,0.16105674454115299,57.16276933611655,0.2,Aug,3,2,2,3,Returning_Visitor,True,True
8,24.047321982043847,7,108.68042612957734,10,2308.7424508691106,0.16040765405657373,0.06770090399290624,4.640288601512566,0.2,Sep,4,12,8,6,Returning_Visitor,False,False
14,390.75724087570745,9,217.71493896598471,83,2499.865873399692,0.03211873900866171,0.1634808750839361,62.39595094320143,0.8,Aug,8,7,1,10,New_Visitor,False,True
14,413.970443588746,5,268.33576704726966,25,1598.1275865147722,0.10746809936863624,0.06428734009593043,62.60981019870467,0.0,Jul,7,5,1,5,Returning_Visitor,True,True
9,375.2509623826568,2,136.79378272798107,68,4472.3829400995055,0.03839108779914516,0.05412058437694773,89.12007974018094,0.4,Dec,7,2,4,3,Other,False,True
9,399.7685654597578,6,133.03675091457123,61,3228.065497408856,0.14384688380882935,0.11054388429048458,50.56563574302194,0.0,Jul,4,8,7,7,Returning_Visitor,True,False
11,412.5663383463986,3,180.63509560643385,29,1448.3753700651687,0.05431009103549714,0.19903672592288285,7.7144374086061,0.6,Nov,4,11,9,18,Other,False,True
12,93.20249339407205,8,177.42202782674644,19,1500.9265265607155,0.06324302451266602,0.0762325904292294,30.619592048208123,0.0,Oct,6,13,5,8,Returning_Visitor,False,False
2,117.84587303249988,4,241.9768026978831,43,4457.0883645873755,0.16899417072802028,0.15089665152901852,65.56294121143175,0.2,Dec,2,13,2,1,Returning_Visitor,True,True
14,316.8792818600886,2,142.9450151334878,66,78.03377929004913,0.09526447044138087,0.07600940993091791,23.92588627514639,0.6,June,4,6,7,4,Other,True,True
6,453.93306523125796,1,298.83688489183237,74,1620.4055979059256,0.13395089024364956,0.15871804624375793,28.052782185540092,0.0,June,7,4,2,7,New_Visitor,False,False
0,158.0982911482473,1,17.841470660184232,61,2776.2398392696814,0.08047461014449353,0.12580305023567395,82.04690163608535,0.6,Dec,5,13,9,14,New_Visitor,False,True
3,294.15333789752833,2,0.9503545742105213,43,749.6051358756299,0.059601371438751084,0.15199575651340647,58.4319731762709,0.4,Jul,7,4,9,13,Returning_Visitor,False,False
12,341.4910317085662,1,192.05949346788714,25,469.5727834559531,0.12509561208493228,0.0804309763871352,50.852743177357254,0.0,May,7,2,3,10,Returning_Visitor,True,False
3,225.97430064951962,3,89.53047370856301,20,4078.2288921418944,0.030971514815764257,0.16184424987807533,31.845196680580436,1.0,Oct,6,3,8,18,Other,False,False
13,356.891227427663,1,72.11471660984515,48,4473.077899356051,0.0745999671133726,0.19934285894340603,73.09280359330333,0.2,Sep,2,7,4,1,Other,True,True
4,449.8337226460866,9,93.56972400128414,83,4119.796039782966,0.041807407477184456,0.149847575093894,28.771843449002933,0.6,Jul,2,3,3,4,Returning_Visitor,False,True
6,312.0507720909188,8,76.81426953148629,87,4494.951569789365,0.1391589933881491,0.12402199971093167,73.70635176441752,1.0,Dec,4,13,1,16,Other,False,True
6,269.8905309573165,1,9.237014898134355,24,2770.028735581274,0.18884176766922153,0.18847609829288975,7.010148026744201,1.0,May,8,5,5,16,New_Visitor,False,False
12,219.37233769416952,8,291.4599127171766,11,4063.168023741806,0.19910219360317327,0.052377776334781447,86.45413415820836,0.8,Jul,3,10,4,18,New_Visitor,False,False
14,288.74313545306285,5,66.22364653583452,98,1926.3727655715911,0.09005536208831816,0.15948852789287318,49.95664633759328,0.6,May,7,6,1,8,Other,False,True
10,177.68122590919793,0,220.20892877679188,55,3334.676628780402,0.050506077927288895,0.18331197752207196,43.850801669897,1.0,Dec,1,6,8,10,Other,True,True
12,195.74105510075097,3,228.7789184082526,28,4944.28930163193,0.08856587407686484,0.059251187543143624,61.10234115419245,0.8,Jul,3,4,8,16,Other,True,True
3,265.928739844087,0,278.7772194021688,69,1136.381341957246,0.16945388199254477,0.11750962556236375,62.419207289627046,1.0,Feb,3,6,8,11,New_Visitor,True,True
12,33.30955619540848,5,9.164837128013993,63,1955.5997339924922,0.04120113571040798,0.08070791809249984,13.203517688999556,0.2,Aug,2,3,3,6,Returning_Visitor,False,False
6,114.51269546239817,3,261.6145015341023,59,2405.4364127773274,0.19041913033058477,0.13497772483817452,75.62335898162132,0.4,Dec,2,7,6,1,Other,True,True
10,271.42465530670444,2,158.16785425194007,5,698.6972802300581,0.0683731537596302,0.1474314437905491,27.592829795006292,0.8,June,6,7,7,12,Other,True,False
2,215.7640715682213,2,189.76323298974836,51,414.3826662206333,0.197160731890061,0.09539347743931326,90.4961880169914,0.4,June,6,4,9,6,Other,False,True
5,166.40789295624214,8,193.3410831363101,21,4150.317102944906,0.16772177750679246,0.11899725045171514,81.78506634148324,0.6,Oct,2,2,5,13,Returning_Visitor,False,True
11,365.2745684046507,5,245.93934149541826,12,4884.203920409655,0.16171410682947807,0.09190092279148393,34.62660415347485,0.2,Mar,5,11,9,17,Other,True,False
1,346.8588037016692,8,100.02219664773315,50,2029.5780685099967,0.06358093475465672,0.10540867466826707,80.77392932007145,0.8,June,5,7,6,1,Other,True,True
9,83.36537999669159,4,219.91535695799803,4,447.3726826113198,0.001755442389585893,0.07393099350326354,35.63904992999042,0.6,Mar,1,3,4,8,New_Visitor,True,False
12,439.3145576867191,1,158.57343291665913,42,338.4006858459766,0.07642658176519757,0.18283391653784475,10.094768163604062,1.0,Feb,2,1,1,8,Other,True,False
13,247.71181320198284,7,238.01820429160432,84,4457.67784973789,0.06036187393253874,0.05150156158387047,96.1888238725708,0.0,Dec,4,2,1,11,New_Visitor,True,True
8,370.73045556952275,4,297.16380983104,38,2324.433106141123,0.0074793980817594585,0.18236137796656832,65.260201521544,0.6,May,6,10,5,14,Returning_Visitor,True,True
4,286.57542462869435,1,60.19530522112837,25,1606.9363096463358,0.10107305130118593,0.1357518317524608,45.60995266625917,0.4,Oct,2,9,3,10,Other,True,False
5,498.84630796192164,3,298.39459246799936,14,2387.5417434846036,0.08060626225654732,0.09974867662655262,39.77733515310396,0.2,Aug,5,12,5,15,Other,False,False
11,376.2015600194114,8,26.9436462848322,75,1598.3374325148131,0.12691129354830497,0.15845856881904946,32.470533425826396,0.2,Sep,2,8,5,7,New_Visitor,True,False
11,353.4902306217295,3,0.6952643714441598,32,2450.288518785024,0.12423726443881665,0.12616282277939966,98.14475954291294,0.6,Mar,5,6,1,7,Returning_Visitor,False,True
11,389.28596952537555,3,13.24858085334938,11,4299.186420620505,0.024149327179336023,0.124866298716141,13.47472651309074,1.0,Aug,2,6,8,10,Returning_Visitor,False,False
11,71.5639927742348,1,102.53472142102851,61,2965.5838415998574,0.19539310922532452,0.06652134243784497,31.480505892056833,0.0,Oct,7,1,5,4,New_Visitor,False,False
3,102.27229658473163,5,189.87189920353023,18,3476.322326322775,0.037386285888289385,0.10842740389181131,48.54976402826635,0.4,Oct,4,2,5,18,Returning_Visitor,True,True
13,357.0320411118071,1,20.70886226635489,27,1829.7066744093395,0.08905480495294092,0.0861596518785105,47.79995450543114,0.6,June,8,4,9,10,Returning_Visitor,True,True
13,246.99074356543133,6,1.699744358870181,55,3695.1443337674887,0.09762350868674699,0.05235438583944195,47.13664844078435,0.6,Aug,1,3,8,19,Returning_Visitor,False,True
10,377.3176459300583,2,281.12730853763844,54,3336.419253548068,0.16261255944282405,0.104014944617317,17.578381583038183,0.2,Jul,7,1,1,14,Returning_Visitor,True,False
9,51.45801537207251,2,246.57799078197888,82,606.6143687827616,0.019845919218929354,0.06347331941384071,14.493252710950056,0.4,Nov,4,8,3,13,Returning_Visitor,True,False
6,268.24067574229736,4,242.7549513417093,87,2867.4878370467673,0.08572885584170636,0.08852450565877779,25.47675863286201,0.0,Oct,5,7,7,15,Returning_Visitor,False,True
11,189.41078277845784,2,265.32728265059313,75,1291.1500465856925,0.1257004340472408,0.06387749317746418,91.4526153802056,0.2,Mar,6,4,1,16,Returning_Visitor,True,True
8,228.50010964083916,1,210.01028183163132,21,4022.437391471628,0.04303112432481111,0.06514124383345983,11.305296783451013,0.6,Sep,6,12,1,2,Returning_Visitor,False,True
6,301.97893603625624,9,31.32123892442443,44,2135.429165250028,0.12549357975321457,0.07985169416227825,75.74251033733248,0.2,Sep,3,12,5,4,Other,False,True
13,251.14417373126508,8,119.73005642211692,5,4973.473984330471,0.18473296750993054,0.19997738667296006,75.75483931333713,0.2,Feb,4,9,9,18,New_Visitor,False,False
0,269.93031855641834,1,216.94484593938884,87,471.5771853154293,0.199503626234535,0.05032762142858732,80.97704038972623,0.8,Feb,2,11,6,17,Returning_Visitor,False,True
0,243.1787409978039,1,84.10033823745627,41,3903.935835073391,0.006490215358135144,0.1458008954180608,88.66154889893555,0.2,June,1,4,2,10,New_Visitor,True,True
8,204.47758854274662,7,206.22190924087127,59,3371.771650375361,0.0471176456489355,0.0711865547039836,26.30361775389303,1.0,Jul,2,1,9,9,Returning_Visitor,False,False
10,385.9409902991225,8,7.349534480295706,89,3839.8191646476203,0.06206142315833949,0.1880942205066164,22.455946926889638,0.2,June,2,10,6,15,Returning_Visitor,True,False
13,6.101536159022258,6,91.84120226387796,54,1544.573679497377,0.07982522008899323,0.06404493400004439,46.550566652747975,1.0,Sep,4,1,5,12,Other,True,False
8,299.2213506026135,2,164.7391008831518,74,2465.351902018179,0.04845143151695348,0.1932594780689355,26.508916875203614,0.4,May,8,1,5,9,New_Visitor,True,True
3,282.7541736614869,8,189.62694885187267,22,3984.577513421305,0.040697598911062505,0.1416389581225217,73.43099889831075,0.2,Sep,1,1,3,14,New_Visitor,True,True
12,358.08953736647607,2,173.11219933857325,83,1170.3812447880664,0.1909107684835,0.05019021153732354,63.59395767414336,0.0,Oct,3,4,6,13,Other,False,False
8,299.51468238866323,4,209.32688282202884,65,1137.905651975374,0.18370432055410357,0.18410107968752093,87.49876880526514,1.0,Aug,7,1,4,6,Other,False,True
2,413.3994139045392,8,1.826624471951721,64,2759.7442569417126,0.009398500200623494,0.12825677020503776,8.273830348707156,1.0,Aug,2,2,2,19,New_Visitor,False,True
6,479.5373972820139,2,30.282359993256446,71,2622.5822618539805,0.06776260432096963,0.08940046029957269,91.50833333580748,0.6,Oct,1,4,3,4,Returning_Visitor,False,True
5,171.2621285892717,6,260.68327568374355,4,1418.489727360535,0.08102971073568133,0.16509187662734454,29.334862667008956,0.4,Oct,3,7,9,20,Returning_Visitor,False,True
7,113.67549151499351,0,204.52459322704837,65,1497.3974961188655,0.04780290693318867,0.18899983308303053,49.0694345926984,0.2,Sep,7,2,9,17,New_Visitor,True,True
10,211.79843121024143,3,33.87949280580339,15,1396.447364400762,0.12577457939763512,0.1225536234720191,43.86114359396437,0.0,Aug,2,8,6,19,Returning_Visitor,False,False
8,143.96480823786305,3,252.62233121957377,76,3859.845189372453,0.12807614932884823,0.09733302116646664,76.03116511044239,0.6,Aug,1,13,9,3,Other,True,True
13,307.4751315763272,6,72.66936534737007,22,3262.9853191566785,0.17010084566571942,0.16834176859023903,42.033330943184254,0.4,Dec,7,7,4,14,Other,True,True
4,455.92620442148234,7,143.47796525856705,86,4163.761745217161,0.14817385367704358,0.15226782466826821,94.35531456494094,1.0,Aug,4,9,5,17,Other,False,True
0,69.55809707153094,0,43.55895386539809,47,4877.610411286969,0.10851466539319113,0.18331287256254086,90.25338826385754,0.0,Oct,8,6,6,13,New_Visitor,True,True
2,50.39730150794325,4,213.033016926512,81,2376.0798383972124,0.13071735400888398,0.15387710191417897,87.21611519695065,0.2,Feb,6,4,9,9,New_Visitor,True,True
9,128.0077659268311,6,200.05632630428036,93,342.8024682131898,0.05479775630860362,0.08652925083493046,7.12583326482279,0.8,Jul,6,6,5,1,New_Visitor,False,False
11,363.0477930312004,3,63.33374134984086,46,249.98062895605682,0.11861123799347154,0.18974888746385288,85.42580615539394,0.8,May,2,4,8,17,Returning_Visitor,False,True
7,296.4814526294108,3,259.02023005710055,14,1485.3685459653796,0.09784545094998386,0.0657253620808987,78.16354454432106,0.4,Oct,2,7,1,16,New_Visitor,False,False
14,51.106332112599794,3,120.39180726591366,50,4663.39750086873,0.02666889346327408,0.09019141251602719,10.351294700613101,0.0,Aug,7,9,5,18,New_Visitor,True,False
10,459.37526113037325,5,87.75452732122254,20,2620.833144304666,0.04850885531659415,0.12802919115858286,10.741432543622187,0.6,Mar,1,3,1,2,Other,False,False
5,395.04231856204336,6,45.698876839360636,50,1366.2147152398445,0.05833869014431721,0.13486130391063522,10.116381151754117,0.0,Sep,6,3,6,14,Returning_Visitor,False,True
7,11.511302393818756,1,79.85040375466124,33,2001.8423046099877,0.1848619134105116,0.05229658799403582,1.133259320448754,1.0,Sep,2,2,7,17,Returning_Visitor,True,False
8,325.68360549412307,4,6.608076367145099,59,2996.989585949307,0.04607732787717789,0.167085908873141,54.863430519458355,0.8,Jul,3,1,5,3,Other,False,False
3,385.623334259869,3,174.97724773683467,43,3268.2187941078328,0.05784878056393364,0.10424109776380844,97.33942914360433,0.4,Oct,2,1,1,2,Returning_Visitor,True,True
0,187.21768486021102,2,252.66922390318436,79,778.0583538166961,0.07387082601788646,0.11096278115032068,43.868470289979356,0.2,Jul,6,13,6,8,New_Visitor,True,False
13,34.46076968360939,6,164.69413483249255,12,4885.388065960428,0.1327485477250774,0.1714054316655419,54.07575018873564,0.0,Feb,5,3,5,2,Returning_Visitor,False,True
0,38.66053274439363,5,65.78218857716271,40,2728.4134126441163,0.023647678494428104,0.1068925087591317,96.79697967699555,0.8,Nov,8,7,6,2,Other,True,True
9,52.12348302590475,6,10.100753464161816,20,687.0847057834737,0.19078904249875522,0.05708373147421322,25.51822287742307,0.6,June,6,11,7,9,Returning_Visitor,True,False
3,420.2198159902115,4,64.38842197764086,94,4469.239914197207,0.17311424401895292,0.07646596557055255,85.8470252598263,0.4,Mar,3,9,7,20,Other,False,True
11,455.34309912785653,5,124.8364284213277,38,382.44577108634974,0.11544321460179004,0.19338547585822735,54.639046721173614,0.2,June,1,2,2,6,New_Visitor,False,False
13,61.4053909228669,4,227.88342860993893,3,4539.599811555789,0.13480757348499137,0.06056080436037713,56.947651466301075,0.0,Nov,3,7,3,12,New_Visitor,False,True
6,117.9530172975406,6,56.35285576133223,28,4982.862624882022,0.0033320942488431985,0.10323968014520245,34.31738572072835,0.6,Mar,5,1,6,9,Other,True,False
1,82.76025518364489,1,215.93743600640582,56,3505.1546777909543,0.06778895506968974,0.12547687505770172,56.158436096690814,0.2,June,5,2,3,7,New_Visitor,True,True
2,93.16043974706034,4,260.0800405055651,90,3854.531633159209,0.1591320461322884,0.12399212410078402,7.314250947828393,1.0,Mar,2,6,2,12,New_Visitor,False,True
0,418.74539450124604,5,136.1840544325071,94,1693.1411539727571,0.01549659475847718,0.05059399145182142,76.46435726141122,0.8,Jul,2,11,4,5,Returning_Visitor,False,True
4,166.07320632746948,5,246.429597492778,13,4708.46849514233,0.056462766842144047,0.12517440971862356,28.468776154427168,1.0,May,6,5,5,16,New_Visitor,False,False
0,155.7221320228206,4,166.39720441052867,77,2653.2726908807545,0.11705936566686226,0.10756586869661139,88.76083294939549,0.8,Dec,4,8,9,5,Other,True,True
7,113.69781043855632,9,191.12725112427148,66,3664.618348521799,0.05128260553978836,0.19581190032118362,36.785069460745845,0.6,Mar,8,12,3,12,New_Visitor,False,False
0,303.94719689712934,6,157.8835381014608,37,4621.297502397285,0.18679559482890384,0.07387386259907448,14.28241104868826,1.0,Nov,3,11,3,20,Returning_Visitor,True,False
10,189.65284919277443,9,138.95181502540254,49,4876.148080117787,0.026211726160858075,0.10312312951392426,69.58815743684849,0.8,Jul,6,2,6,9,Other,False,True
0,372.1248259216444,7,70.3960325327548,66,4167.689739417405,0.15947887158155571,0.11292222276347297,16.457814471350286,0.4,Dec,4,1,5,7,New_Visitor,True,True
1,102.78990418781875,6,90.95821783831381,36,1522.0573598403298,0.10158973838128166,0.10860403056514233,75.36805155429904,0.6,Jul,6,7,6,19,New_Visitor,True,True
1,393.8949443572462,4,86.99103568308271,54,4833.072107594891,0.15006615516399122,0.1498746241477794,96.81122364061166,0.8,Feb,8,6,7,20,New_Visitor,False,True
11,301.8607658650695,0,168.9866792861444,26,3144.3164609054234,0.06214306566228949,0.08232692863216534,77.95528687952617,0.0,Aug,8,8,3,11,Other,True,False
5,57.13365002784387,4,35.986107907166975,75,4653.905956996279,0.10289792046240775,0.08316073292209877,2.2449248431324675,0.8,Sep,5,11,5,12,Returning_Visitor,True,False
6,207.25229210181385,9,275.03750721070054,72,3383.7640788136155,0.17136706994463527,0.15938164227512797,59.98857880527747,1.0,Feb,2,13,8,3,Other,False,True
4,431.75907030647846,1,216.19654358493398,40,1543.1224196201251,0.09337561982462089,0.12504357780172698,69.54106709697243,0.4,Nov,2,8,4,17,Other,False,True
0,461.48011589924243,4,120.4336892739581,43,1856.4223754726515,0.07194397238205393,0.11227335140859657,82.54583257962852,0.2,Oct,8,2,2,7,Returning_Visitor,True,True
0,232.8500611594066,4,47.58724335791339,22,2756.854167743673,0.10723107725054722,0.07538045775158778,5.600230893900015,0.2,Oct,6,8,4,10,Other,True,False
2,240.41848904453678,1,264.59765091649075,20,3952.1740593838113,0.14347255060727337,0.078129083436825,48.010782795228636,0.8,Sep,8,6,2,15,Other,True,True
13,459.2273624696506,4,247.13342703034957,8,1596.7329311882713,0.08871266909970055,0.051582745522385086,53.53708726383943,0.2,Jul,2,9,3,2,New_Visitor,False,True
1,293.5341120682836,3,216.5164658151538,29,2902.8585190096182,0.1877753950284546,0.0637139403292564,16.912486264417804,0.8,May,1,12,4,13,Other,True,False
4,16.423335121719173,0,81.4641142233727,40,1734.6687179462435,0.058989164808468414,0.13352580420353616,32.24498097106496,0.4,Nov,6,7,4,4,New_Visitor,True,False
11,456.3747314395644,2,120.73399123010068,90,4080.689329129185,0.09509272123382409,0.1837809695012615,44.02217262561652,0.2,Sep,5,2,9,18,Other,False,True
9,124.11322137857594,0,30.82447573572701,30,2338.973187902073,0.1513855318682883,0.09307471476958362,83.32096879578015,1.0,Dec,7,8,6,1,New_Visitor,False,True
5,288.8159770457736,4,56.71185741825951,81,392.8469059958973,0.13782421809915166,0.09916208388441923,92.94075660702069,1.0,Dec,6,9,9,2,New_Visitor,False,True
6,82.75665871398691,3,234.90499119501987,84,838.6020821928665,0.17272821048343123,0.06734084159172683,62.84228289176729,0.0,Oct,6,7,4,2,New_Visitor,False,True
3,16.939580123297493,6,214.51161565520513,55,314.9122914219651,0.1993618361362218,0.10829464184106542,39.494518602146215,0.8,Aug,2,4,9,4,Returning_Visitor,False,True
6,155.7365855663787,4,178.0457288927804,16,2501.521700611483,0.08537166575901792,0.055583255685399374,25.403101779898595,0.2,Jul,5,9,9,3,Other,True,True
10,390.24785377304386,9,268.71801777785186,46,540.6231137676535,0.02223017595666237,0.18764010443928508,98.21351844361504,1.0,Oct,6,4,6,17,Other,True,False
7,138.79358631470907,3,174.97995534391362,62,579.5584468550642,0.006083176161593595,0.1509667022186793,98.30199980763584,0.4,May,2,12,5,14,Other,True,False
10,110.04860704054853,1,140.0903999890832,7,4705.830817591502,0.14537538122795432,0.19861232140898283,92.49769482350348,0.4,Sep,8,4,3,2,Returning_Visitor,False,False
0,106.34039217061314,3,102.11122389172881,80,4364.548810158517,0.17480273426174314,0.1824234744017741,78.56691498778193,0.0,Mar,3,9,5,16,New_Visitor,False,True
14,257.5868412034063,1,282.1345517208518,45,2265.9121180887164,0.044142517188883734,0.12094858905472292,32.57795437456183,0.4,May,5,8,3,11,Other,False,True
5,487.7706578413781,7,24.81463845730605,59,4929.168551042527,0.031689607437981195,0.12795275467255657,81.70004834976307,0.4,Mar,4,4,5,13,Returning_Visitor,True,True
7,229.49449400850654,2,279.2662116182425,56,10.930775571608939,0.012441018305138198,0.07858640697757908,40.87930172711726,0.2,Jul,1,8,5,1,Returning_Visitor,False,True
4,278.65268444502397,8,248.0143979793055,48,3073.757486804235,0.1645405843434413,0.11930590142593335,32.677309815504515,0.8,Sep,4,8,2,2,Other,False,True
3,430.316008945367,3,38.97897736071039,27,3085.9766050856315,0.06227638797851687,0.18545418102392175,74.48653584662796,0.6,Dec,7,7,9,2,New_Visitor,False,False
1,267.5348594668293,5,169.49530730257607,53,2292.640848790742,0.0803393785519553,0.057628013545373176,7.965392762042289,0.4,Dec,8,10,7,5,Returning_Visitor,True,False
5,92.23143570942804,9,259.96439452472606,87,1990.7703849421214,0.10055003832192247,0.17953352044974646,4.856272329566169,0.4,Feb,5,13,6,4,Other,False,False
5,149.79795588323853,4,171.54274908214612,88,2282.361846048232,0.16789064684191016,0.10114217024639147,44.79536971811856,0.6,Dec,6,6,5,12,New_Visitor,False,True
10,154.96846313430547,9,272.15994646818666,73,2080.6525760376057,0.130166644312297,0.1849269147644465,44.56388008221619,0.4,Nov,2,8,4,3,Returning_Visitor,True,False
14,198.65905772879893,0,282.89514504481275,35,3655.157462636674,0.12301292597156227,0.19113198595122272,89.5644153063835,0.2,Feb,7,7,8,20,Returning_Visitor,False,True
0,213.3944526683747,8,126.71535665529177,51,685.4236205166875,0.03513441999118214,0.1506297330502859,12.615309628781679,0.2,Feb,5,5,2,10,Other,False,True
8,399.8910110371347,0,113.19409842189708,84,996.2197107497394,0.10263797834196596,0.14966356798890168,12.32839274524128,0.6,Dec,1,12,8,20,Other,False,False
11,174.6934995246665,7,280.89634619074707,37,910.7859596781938,0.14307620343573105,0.11791315065631103,14.745260047490117,1.0,Oct,5,13,1,18,New_Visitor,True,False
10,234.11591422068966,8,202.5420183449004,81,1319.72821975511,0.19465217660609835,0.17533103368155611,2.9736261294602606,0.4,Aug,7,13,1,10,Other,False,True
5,312.4879935255261,8,34.80680440445079,95,2631.039509720101,0.040281261842670446,0.1942419137649925,7.1731737814908385,1.0,Aug,2,4,3,1,Other,False,False
12,188.86297372008465,0,12.687524766804358,57,564.9316492177114,0.0019086706134453292,0.1662622700508679,65.9869866829039,0.4,Nov,4,12,5,6,New_Visitor,True,True
2,418.28240664616646,1,169.38871529917893,8,4342.164783679255,0.01506028671969395,0.1432905100635064,43.15843291175092,0.8,June,3,2,6,11,Other,True,True
3,293.72680211703715,0,279.05128963152737,79,1493.8340412292769,0.07517049303639585,0.14101893437320054,76.36030670880136,0.4,Oct,4,11,4,2,New_Visitor,False,True
11,147.02233961048577,9,253.27461072174552,95,821.0645574688522,0.16410892954919742,0.17742048523754939,99.25977185816602,0.2,June,2,8,7,7,New_Visitor,True,False
10,357.0295998949141,1,202.75432393930092,94,3381.350334895234,0.0014284163536490092,0.13118056486569477,65.90346810990013,0.0,Mar,7,9,7,20,New_Visitor,False,True
3,263.8238650723929,9,41.73475466732626,20,200.0506399906032,0.09134611857716807,0.17057898293732343,5.0455570620123735,0.0,Oct,2,4,2,18,Other,True,False
2,267.22794562862344,7,76.26941512460867,53,3103.643138722079,0.0658461230682789,0.12633278827613686,10.456286475434151,0.0,Sep,8,4,2,19,New_Visitor,False,True
9,240.54397419379296,4,262.65336796578487,12,3494.0101690757338,0.010496342019945516,0.05936664124608862,88.10040848147078,0.0,June,1,5,2,4,Other,False,True
2,248.5059744106245,6,54.84217099707014,49,1082.4334916197288,0.09004725733452346,0.1075920513356233,52.749594455826156,1.0,Nov,5,2,2,13,New_Visitor,False,True
14,382.6781405331203,1,83.53182247513037,17,219.4007264837351,0.05094974146734377,0.11666614365072482,82.483715939574,1.0,Nov,8,7,9,18,Other,True,True
2,51.490739665657756,7,38.880195358632584,64,1824.5903410080534,0.0703769668694013,0.07124258674799258,85.6612336224926,0.4,Oct,5,5,5,20,New_Visitor,True,True
3,167.1814056552411,5,202.83246942432334,42,501.98520890726303,0.14112306095685861,0.06537444937838192,92.76745414995192,1.0,Feb,4,6,8,13,Returning_Visitor,False,True
6,37.751681901944615,7,283.1946916089629,94,591.224469869952,0.10431019678219343,0.13031974244854314,94.98292054863657,0.4,Sep,7,4,5,19,Returning_Visitor,False,True
3,376.6231103737254,0,80.69040947861579,29,1278.763544909874,0.02492948579856267,0.06277154548341232,55.48257965033062,0.8,Jul,3,8,5,17,Returning_Visitor,False,True
8,136.15092736014972,0,142.6219823550221,19,1484.3849438875288,0.1922829080847278,0.0954417751835126,34.10201722560339,0.4,Sep,3,8,1,1,New_Visitor,False,False
0,448.7152049094421,6,190.30192191336127,11,2654.552001696889,0.12718215314194767,0.16168954639446143,96.18648743479986,0.0,Nov,1,12,6,6,Other,True,True
7,263.2892333296469,7,299.8398744646892,98,3395.1755086600356,0.15317368513250632,0.19466482693519715,54.740640600122525,0.6,Mar,2,5,4,19,New_Visitor,True,True
6,400.37488574306053,2,31.442419499271633,50,2967.926994942222,0.015842630001674164,0.15768058708278931,6.425272295461104,0.6,June,1,12,3,20,New_Visitor,False,True
1,489.4657178079806,4,149.57123985171273,71,750.3180830746888,0.00941167589200378,0.19889383226793056,64.2776550059865,0.2,June,5,6,6,1,New_Visitor,True,True
7,419.8944297282853,0,115.53603597075002,58,868.7093019386059,0.0038896100736162346,0.1547506956919104,58.76847503950108,0.2,Mar,6,3,2,8,New_Visitor,True,True
0,433.49688000576174,6,259.7460495667066,34,4395.0585564666435,0.03775880555468889,0.09406917059814913,89.5792872894706,0.4,May,6,1,8,17,Other,True,False
10,203.99224768242235,4,142.79031930349677,20,2796.178052169927,0.08288167954369903,0.15080788107580428,65.31871891578125,0.6,Oct,6,9,1,15,New_Visitor,False,False
11,275.8612976296699,7,33.29325737554443,50,4350.989786159468,0.18716522668056457,0.1553235147795356,34.905242446155135,0.0,Nov,2,9,9,18,Returning_Visitor,False,False
8,126.94428202165214,7,190.32724358597508,88,1864.017091486173,0.09141193185315527,0.1057590476924691,96.62257257058204,1.0,Aug,1,3,8,7,Returning_Visitor,True,True
8,98.0565498467264,8,231.23418547916393,10,3075.856037082306,0.05805102107450588,0.052657077591408356,80.16194859820335,0.0,Dec,8,4,1,16,Returning_Visitor,True,True
1,252.7539395530169,6,0.8643754996843778,32,2623.0804461125076,0.11238705070393268,0.15547996771632305,63.041761838135436,0.0,Mar,7,13,9,7,New_Visitor,False,False
6,297.5244898502103,0,257.68700562618886,52,1602.4262142041082,0.02238691562695785,0.05325501429133125,29.29252034031229,0.4,Mar,4,7,2,17,Other,False,True
14,169.6356229480955,2,55.80690000169969,15,2354.877706447641,0.12190117820099665,0.14467821170901068,37.354029631429555,0.4,Sep,5,2,3,4,Other,False,False
13,284.7217588817502,7,165.62080939601336,84,2517.4294753663908,0.11368639086610066,0.07454247331138326,66.99699240966567,0.8,Oct,6,12,2,12,Other,True,True
9,443.73024125675147,2,124.73925020623504,3,1011.8471640358263,0.15839860668114195,0.1348405291622065,7.198081846332172,0.0,Oct,7,3,8,13,New_Visitor,True,False
2,278.36079239168305,7,215.89614498315913,37,1581.9017581598905,0.19733752232340485,0.12558695380709,25.668059165026346,0.0,Aug,3,6,2,4,Other,True,False
6,360.4065481552533,0,111.34848443572255,40,3959.134655029808,0.05017469434322211,0.05202704634592739,71.3900933396598,0.4,Dec,8,11,2,1,Returning_Visitor,False,False
11,402.65748367895253,4,260.92895300451323,72,4579.783314876095,0.10193129016075214,0.10442987254926553,48.00185098446209,0.4,Oct,1,8,1,1,Other,False,False
9,494.36439097772137,3,219.14890828763706,40,1805.3725267910443,0.18177308126380073,0.14016367510944544,40.23935648144301,0.8,Feb,5,1,7,7,New_Visitor,False,True
8,301.5987010884898,4,194.31395131887643,56,1541.7916882230006,0.15703797688456828,0.17729098278481698,15.14576224004145,0.8,Nov,5,4,2,9,New_Visitor,False,False
3,403.425074481293,7,238.8721786688563,23,984.0338512136938,0.09748126062016152,0.1832963170754776,44.18490344777326,0.2,Feb,3,1,5,1,Other,False,False
11,481.3246592774373,9,226.2069104785147,11,3395.6709315664,0.1890743299229556,0.12257749550498351,77.06919707602339,0.6,May,8,2,5,16,New_Visitor,True,True
0,472.2048627886367,3,10.781602476466002,64,1622.267511315023,0.011447338703361877,0.15926337309491573,26.4012846071893,0.0,Nov,3,8,3,18,Other,True,False
1,70.54092438885678,3,118.42030615344844,8,4938.8702001049505,0.18619972394251683,0.09746818648001865,0.5398542183677413,0.0,Jul,3,6,3,15,Other,True,True
0,203.196154136761,2,279.24218919494695,93,1635.1671622991266,0.01010147847656131,0.10132796086379862,66.85049011509828,0.8,Nov,6,9,3,6,Returning_Visitor,False,True
13,161.9950305533998,6,37.71728069766787,94,1976.7388734453145,0.10946094882293687,0.07916952787734707,97.26266044325526,0.8,Nov,8,2,6,2,New_Visitor,True,True
11,43.46250747517466,2,221.12896512961538,56,3020.6376390980536,0.17808818960021716,0.13429221649898593,60.68265635885829,0.2,Aug,6,3,4,9,Returning_Visitor,False,True
4,316.6203874554803,2,292.3775434005989,60,4010.4046230246117,0.05254418871226057,0.0971846226391048,11.992185892713014,0.6,Feb,1,9,3,4,New_Visitor,True,True
4,367.95230659800114,9,15.659588713491491,10,2352.898140074712,0.09444969978903171,0.06265563446577577,32.07330923446731,0.2,Dec,3,9,2,13,Other,True,False
10,424.0640477334417,4,204.65816418798315,39,2119.053608606902,0.06486577582739332,0.15275091299947682,86.76416147202234,0.6,Sep,4,13,3,11,New_Visitor,False,True
6,61.38844483135425,4,140.44624239030912,28,4978.232789638093,0.19042878341527028,0.15616298114080973,23.256807425682858,1.0,Aug,5,6,4,13,Other,True,False
8,438.2220379376469,5,173.75257661241665,49,62.36326928832277,0.16472911895061818,0.10399886281685869,60.769590349760804,0.0,Nov,8,3,6,11,New_Visitor,True,False
8,321.46278180712665,7,25.602400945297454,36,4476.375791367716,0.14180030226527593,0.061508509918403426,40.267120825399786,0.2,Sep,3,5,4,19,Returning_Visitor,True,True
2,351.97306756925474,9,12.902085560081844,13,754.2127214392898,0.11752539732302175,0.1139446576105139,20.7843721419649,0.8,June,8,2,8,8,Returning_Visitor,True,True
2,455.31200177015194,5,200.0599981652765,96,3931.7671282824776,0.16411835786482964,0.11635031870753233,81.34068935646796,0.2,Sep,5,7,3,7,Other,True,True
2,312.38063552162555,0,246.99282894621535,36,3093.478483633027,0.07845340830470943,0.15030063273468397,74.28312764656903,1.0,Mar,2,10,3,16,Returning_Visitor,True,True
3,167.93292857491753,7,234.60460047989017,26,1715.8179546354795,0.08951037102121238,0.09731245868880253,66.15910659592654,0.2,Aug,7,11,3,3,Other,True,False
7,412.55366571132987,7,163.14171835987122,86,4370.636028049881,0.1460003442161723,0.15238989196719582,23.63365902687512,0.0,Aug,2,8,8,17,Other,False,False
5,181.52960609754527,8,29.960046340853452,4,74.40706762514996,0.07155095265874285,0.18072328126360826,9.785700271645004,1.0,Mar,3,6,4,18,Other,True,False
7,17.114055410264562,8,206.41333315080414,95,1141.1863538538692,0.012780188409674764,0.08562290635432998,57.61593298259662,0.8,June,5,8,1,15,New_Visitor,False,True
0,415.3272532826249,1,72.56666506624379,82,2838.7950532851846,0.014866921777214293,0.196837933417985,55.36778335394333,0.8,Oct,7,2,2,17,Other,True,False
7,172.59607244063778,1,273.32061083021506,64,1764.195877647993,0.023072560261140775,0.10795522057052105,18.8385009334873,0.4,Oct,2,3,2,11,Returning_Visitor,False,False
3,386.91726160067014,2,251.47960786371146,38,3055.783701638455,0.17393626466873258,0.09008880277205927,5.6246694315172485,1.0,Oct,3,7,3,5,New_Visitor,False,False
10,181.37894733297273,0,212.81489012621728,88,130.30986510924745,0.09444528515124087,0.11322667737654359,8.070845419398598,0.4,Oct,5,10,6,16,Returning_Visitor,True,True
0,430.5340099873608,3,284.65378674933913,87,591.1300631037454,0.1425764738689473,0.06415962138557887,99.27709865127338,0.4,Feb,3,12,8,15,Other,False,False
7,109.75526254047935,3,9.426546453381878,22,644.2102386900118,0.07858186712097866,0.06885588597681735,78.35838947428837,0.0,Mar,6,1,1,10,Other,False,True
3,487.27363259943496,8,220.8601275182286,2,954.5253931208871,0.0517421894831269,0.11216510704524973,92.19874759651726,0.2,June,5,7,9,14,Returning_Visitor,True,True
5,389.8793873940154,8,99.0728338009216,31,2302.0638895947086,0.06943843351244239,0.16436667829086504,19.505472223636332,0.8,Nov,2,6,1,2,New_Visitor,False,True
7,57.11896296019842,8,271.81976570590956,11,3763.1222107224203,0.15883646906343674,0.18504683593617366,96.0568536323435,0.8,May,3,8,2,16,Returning_Visitor,True,True
3,282.88830998328024,9,80.00255899859327,92,4528.638801265217,0.12504322500628764,0.14972269860744064,14.265435147316207,0.2,Aug,8,7,3,19,Other,False,True
13,492.68365612086734,6,217.4569497945051,46,4178.5089261183875,0.18752795599158043,0.06578293328572546,50.90818285664711,0.8,Sep,2,4,7,8,New_Visitor,False,True
2,235.5327263469072,1,263.2941058952344,96,992.4704801606609,0.1359409557153668,0.1508029643270803,82.9695684417064,0.2,Oct,3,3,9,15,Other,False,True
13,91.05356941079162,9,12.497045514804729,62,2211.3412556308554,0.1140363263509388,0.1453141881054458,34.98033545115794,1.0,Sep,8,3,3,10,Other,False,False
8,242.3891835751731,4,119.29427387761083,69,1005.0638728150897,0.1220392017971669,0.1708645877439997,42.48285331769005,0.0,May,8,4,8,5,Returning_Visitor,True,True
2,256.2288279409608,3,228.6927096065816,64,1329.714365169282,0.18847428789368292,0.17378729999782716,12.818511029909786,0.0,Aug,1,9,9,20,Other,True,False
8,370.84347211433277,7,136.47566685227613,10,2522.699437744312,0.15764018597334123,0.18023046136684684,12.292187999897275,0.0,Jul,8,9,7,16,Returning_Visitor,True,False
12,349.4229265804522,1,80.1757889380786,40,349.86403337037746,0.0048082474732875635,0.11211972718686478,61.956822477865956,0.2,Dec,2,13,4,12,New_Visitor,True,True
1,201.2750217984903,5,65.941604646957,24,1098.6899046704334,0.10682793922713946,0.15467965930282168,67.55323686200568,0.2,June,2,2,4,13,Other,True,True
13,109.01155374704324,4,39.455480074913375,99,4677.537024922515,0.13766768230931298,0.09023755383834661,77.73325140821933,0.6,Feb,4,5,4,9,Other,False,True
1,322.5270838846647,1,257.13886795688467,44,2335.92030036586,0.14973969568783102,0.19990044199752566,55.668205268175356,0.8,Sep,7,1,6,17,New_Visitor,True,True
1,210.8519672766409,9,172.6066209754668,60,2232.478764629582,0.04262842386278734,0.07630013620652899,64.5759292261306,0.8,Oct,6,4,4,20,Returning_Visitor,False,True
5,66.13810556266519,0,22.915483497436796,62,82.69010220888171,0.17343547089027045,0.05151716474912538,1.3517271699720057,0.6,Mar,2,2,5,12,Other,True,True
2,450.28615061819283,7,114.77409707119062,87,1244.5247378211454,0.19116862943503277,0.0723213071777264,16.217072713718807,0.6,Sep,5,8,9,5,New_Visitor,True,True
12,345.6109288048272,1,110.32009524153297,17,4332.799255551085,0.04734306116897396,0.16638084343161902,98.49147660169047,0.0,Aug,7,4,7,12,Other,True,True
8,341.5919282227407,6,54.52175721283889,65,831.495857010757,0.17652309150344916,0.11701755147623173,7.59935063158318,0.6,Jul,8,5,8,1,Returning_Visitor,True,False
3,411.29193795583694,8,130.6522876416572,95,2081.4734482782583,0.01939575250321908,0.11712503717156426,67.8788222260245,0.2,June,3,11,5,20,Returning_Visitor,False,True
0,264.83083932754056,8,99.62980961794094,95,81.51122027633626,0.011141367223049037,0.19325343794175032,17.608263303171622,0.4,Mar,1,4,5,16,Returning_Visitor,True,False
3,407.52721420122856,7,102.54111164765476,57,2396.8940535360734,0.025844760020549876,0.18794523620421116,71.6718585767642,0.2,Dec,5,5,7,12,Returning_Visitor,False,True
0,249.04537675550287,9,221.7079673363876,55,114.8953225638236,0.0115482158934072,0.0966792106706014,70.59904029619935,0.6,Aug,7,5,8,9,New_Visitor,False,True
13,33.587699957855044,8,66.9790156515589,53,4099.851669798341,0.1690024474311552,0.08135871931712993,23.41990597880902,0.8,Jul,5,5,9,13,Other,True,True
4,202.62404401384438,1,192.55798765660663,56,4126.020299760647,0.01181002889165439,0.177272331490061,26.96343992192042,0.2,Mar,5,11,2,17,New_Visitor,False,True
3,248.7324469899453,5,171.19488716428046,98,3940.833519628826,0.0543328382727311,0.1859028606566545,65.47707136020883,0.8,Dec,5,3,3,17,Returning_Visitor,False,True
7,360.10129081614787,3,170.4277537013602,9,1423.9867037666797,0.02075126870717128,0.13123953841977304,39.00860387802136,0.2,Sep,7,7,2,4,Returning_Visitor,True,True
7,53.28936506433718,3,198.90220384253277,22,4187.813718926872,0.05908440726275299,0.14441355666756509,19.45479696999113,0.8,Aug,1,3,7,14,Returning_Visitor,False,True
6,70.0092693302245,4,164.5146108586962,13,2719.560681700294,0.018111893520184098,0.08853714270384402,73.16795987874818,1.0,Nov,8,2,2,19,Returning_Visitor,True,True
2,131.8419013173082,2,263.7765344539154,89,1875.302463246342,0.1336006501486028,0.1701204031967787,15.414752433633417,0.2,Dec,4,3,2,7,Other,True,False
0,133.24919668544112,0,202.67402758507794,48,3130.3964989241226,0.02666536326851503,0.14481836426735348,85.56436641449466,0.8,Jul,6,11,2,3,Returning_Visitor,False,True
0,366.09228922953116,7,164.08897541141644,18,71.58181984126628,0.17036918516777758,0.1255270266946995,51.46695240518275,0.4,Nov,8,3,4,1,Other,False,False
11,125.36533028079889,4,248.92893608629348,76,723.3747792277533,0.16343821014532822,0.05901628341175938,10.57006038793007,0.0,Nov,2,8,1,12,Returning_Visitor,False,False
10,316.5490316787238,2,181.8439694800439,40,3714.044755469611,0.002732337094121884,0.18739024437667307,69.40723335309843,0.2,Feb,7,4,2,15,Other,False,True
2,247.1369250691357,9,87.3432743355537,17,1228.3664274936034,0.17914527110302292,0.14231771305766092,51.91630395745405,0.4,Jul,5,3,3,11,Other,False,True
5,286.6471890897003,6,62.128475452971365,15,2994.0654954704605,0.005788863348673412,0.0789036642039452,29.805757179480953,0.0,Nov,8,10,7,10,Returning_Visitor,False,False
6,419.0534815891479,6,45.69833569880364,15,1931.661988086918,0.047929156991511325,0.14095791754745793,42.25393802238548,0.2,Sep,2,5,1,2,New_Visitor,False,True
5,202.19075077451214,0,269.8365637638305,79,4275.480836208315,0.006477827555199012,0.15161950313599604,29.833774358749878,0.4,Aug,7,4,6,4,New_Visitor,True,True
13,385.45568853213524,8,213.04062953941974,63,4762.552376923251,0.0671686974078632,0.12886555050248383,26.302583574278405,0.4,Aug,2,9,3,17,New_Visitor,True,True
13,211.01802977534368,1,281.2135314492962,39,4418.98799456725,0.10277330514265433,0.15771526069340341,16.360842084371217,1.0,Sep,5,8,3,17,New_Visitor,True,True
5,176.93568828062473,4,180.98754171448292,13,1360.3937735210473,0.15932897380302763,0.13721809218929365,36.276713313747585,0.4,Feb,4,11,4,8,New_Visitor,False,False
5,479.3135886566103,4,142.02026444847377,81,978.8727165399505,0.06759631009396723,0.19216543730482227,25.098720631607073,1.0,June,7,7,4,14,Returning_Visitor,False,True
12,92.18546033948161,7,17.9149466912668,32,2377.4301191674676,0.14109800493462335,0.05805456178989603,68.34344870539171,0.6,Feb,2,8,7,4,Returning_Visitor,False,True
2,45.168480288803934,7,201.49268446380893,9,46.597412672539576,0.03750089142379607,0.06593685627043408,68.38767411633063,0.8,Aug,3,13,3,6,Returning_Visitor,True,True
5,385.49296276773924,6,174.66262793046934,40,138.78887038727686,0.1501196913488253,0.07605074554315099,50.18402425556384,0.0,June,2,5,8,19,Returning_Visitor,True,True
7,34.124852677045794,6,297.06266807628646,20,2770.9202917187704,0.04719932118184751,0.15352566059064984,77.79445274703211,0.8,Feb,6,4,8,4,Returning_Visitor,True,True
10,418.5394953515147,5,71.74763333467291,90,2607.042526784777,0.028708951188753586,0.1468393809124713,84.13397190060482,0.8,Nov,5,7,7,3,Returning_Visitor,False,True
10,218.59669817862175,5,159.22120658605076,91,4972.964125285947,0.03708177007481086,0.18380882903145412,57.97664574342731,1.0,June,1,1,2,20,Other,True,True
1,457.75683864595703,8,195.2872005354218,85,1017.190758465153,0.036412625776371076,0.15993161793258476,61.89351627634338,0.8,Aug,2,6,5,6,Other,True,False
4,360.7664305609528,5,193.3773524227031,82,1297.9386065107374,0.10257257587539824,0.12625332313468884,28.28859097863652,0.4,Sep,4,8,6,7,Returning_Visitor,False,True
13,305.2023335039788,1,168.38806288452082,77,576.5678052081706,0.16895951623762923,0.1987747688695446,89.48692007055197,1.0,Oct,3,7,4,14,Returning_Visitor,True,True
0,474.6533985288828,1,233.07840309816766,80,4588.539618172186,0.015921015398501128,0.08991619342539489,2.4206044422529827,0.8,Nov,3,2,5,12,Other,True,False
11,198.32468652602714,4,61.49436285804492,73,3891.2781098476694,0.14139126369868454,0.17497874896781812,34.86024694428457,1.0,Nov,1,13,9,16,Other,True,True
14,477.0434682698165,3,217.68816008232474,63,4113.4721661696685,0.13086929193057154,0.11401855582908792,72.1800421549856,0.6,Oct,8,7,7,20,Returning_Visitor,False,False
0,67.50063871060347,1,185.92037142992675,76,4514.791301942899,0.1745039903658725,0.14731027083136014,8.008950967116125,1.0,Dec,6,13,2,8,Other,True,False
4,241.87747096620637,2,268.822533538372,44,2629.250933761933,0.04882951210138145,0.15909027056786512,18.316952742829262,0.2,May,1,6,1,2,New_Visitor,False,False
11,134.95561119609744,6,254.15833171007452,38,2261.454025339111,0.09002197173700593,0.14506311307855047,58.928572786285116,0.4,Mar,6,13,2,13,New_Visitor,False,True
12,269.9213894540967,7,94.54411173976598,83,1658.6534535914263,0.1851654748887035,0.071076095466289,55.999367146355794,0.0,Jul,2,5,3,8,New_Visitor,True,True
2,81.0069389457923,5,82.87119749254592,60,2950.1809255957987,0.13199869002706344,0.11644265161218993,73.8928296130955,0.2,Feb,5,4,2,20,Other,True,True
3,420.7648301550217,4,294.49599715573436,71,2276.8491999812145,0.07775368257231939,0.13421575668996866,81.26126390881718,0.2,May,4,1,3,16,Returning_Visitor,False,True
2,423.2039246572786,0,158.17955427457696,99,2263.31227716182,0.026282476571053693,0.17735656387678955,12.857957851166912,0.2,Feb,3,13,9,4,Returning_Visitor,False,False
0,477.61815636173947,7,271.92628917433103,48,4685.270040018383,0.05249700158011821,0.11654686231978587,1.8380989775242051,0.8,May,1,2,4,16,Returning_Visitor,False,False
0,77.3360704416181,2,49.16430713414466,18,4920.31725625286,0.11624309549787666,0.18781209572063773,68.96385196589061,1.0,June,4,7,9,20,Other,False,False
11,311.66627545249537,5,192.84567444005228,16,3984.457102754608,0.14363358951210276,0.11605613345378162,30.13917957663592,1.0,Sep,6,10,3,6,Other,False,True
11,237.1186543501848,2,242.95805620817586,55,3786.222870332172,0.0248843773703787,0.13231697888945176,62.59839139179536,0.8,Jul,5,3,1,4,New_Visitor,True,True
13,172.1918660221166,6,284.21857487593405,39,3405.985227277716,0.11991945200881081,0.16944285244142016,15.05445880622247,0.4,Jul,3,5,5,16,Other,False,False
12,175.7700805671094,6,101.20204230510704,68,838.7135131442334,0.1100702557677502,0.13746015266332157,46.904004666596286,0.8,Feb,3,8,2,13,New_Visitor,True,False
13,206.39677530337613,8,217.49435097721573,59,304.9380461695161,0.10279108933814161,0.19403271085742374,50.44247460634369,0.8,Oct,6,13,4,5,New_Visitor,False,True
4,352.46277484447654,4,161.64390271188572,89,3456.724312415183,0.1380246235364016,0.14905037457711917,58.50778163732161,0.8,June,5,13,2,15,Returning_Visitor,True,True
5,299.1430291340773,7,18.18867781994046,96,3646.6432490603142,0.16748991901669238,0.12840641811014017,51.317001633056435,0.4,Dec,3,8,2,8,Other,False,False
2,229.84075638056555,9,206.99992119268302,62,244.39522557971756,0.06459793663537368,0.05353879516711938,49.56907702287139,0.4,Jul,5,6,3,7,Returning_Visitor,True,True
11,37.96670518481105,9,207.02896747135304,13,4640.978233641952,0.1778024380221919,0.1120599346370495,33.27341539838555,0.6,Mar,3,5,5,14,Returning_Visitor,True,True
8,38.882672039478535,7,279.1820414539611,81,464.7917908289409,0.03212672252371014,0.09488726288902408,7.118023631808623,0.6,Feb,2,13,4,7,Other,False,False
4,1.1696953128891296,0,149.19373385069173,6,1436.6436635183,0.03460477395023287,0.1622158501831234,8.95201967968423,0.6,Nov,6,2,2,7,Other,False,False
7,483.84969410354324,4,69.0752762131544,83,3365.2251658655355,0.053354412724784785,0.08124165127303187,43.377827440715365,0.6,Mar,5,9,2,18,New_Visitor,True,False
12,2.6269092791924575,2,13.369147034603746,77,857.6642460783369,0.023906173909415563,0.08078301309411078,35.5793127820993,1.0,Aug,4,1,6,10,New_Visitor,True,False
0,51.54687300687244,0,124.69265600577171,60,286.5252833267997,0.04606384493657552,0.07842785648560652,51.613480467449776,0.2,Feb,8,11,7,18,New_Visitor,True,True
13,157.29827840470546,3,90.57501002325054,90,1662.4209809291074,0.02128235258056892,0.06884234197343539,30.483816925626694,0.2,Feb,2,2,6,14,New_Visitor,False,True
4,403.7151259083806,7,228.32649180716265,14,3832.198158527344,0.16435048339707808,0.09665105055063311,68.79100914553243,0.6,Nov,7,13,7,10,Returning_Visitor,False,True
14,481.04939288205884,2,106.28032945231398,95,2074.256608136449,0.02779379837732492,0.18288831716651377,86.39548220095105,0.6,June,4,1,1,7,Returning_Visitor,False,True
2,395.00677939592805,9,284.7213588944532,54,3268.3348803206172,0.14945951151197137,0.16623927084589327,29.88631887868677,0.0,Nov,6,12,6,7,Other,False,True
11,345.2801162228203,1,288.6930608963353,4,2902.299295168402,0.00958277358266675,0.16028768244601904,19.298400793902857,0.2,Jul,3,4,3,7,New_Visitor,True,False
0,260.6503337067847,8,186.27257706531242,39,120.87022530764625,0.18970406550278304,0.16960052084749444,11.618057425408912,0.0,Sep,7,4,1,5,New_Visitor,False,False
3,43.3526059310918,9,278.59808610446487,72,4942.814535358077,0.14223201750555323,0.09041268339943576,61.62540405708125,0.0,Feb,4,5,8,1,New_Visitor,False,True
14,479.0853965019652,4,228.2563033543487,25,216.72616320874488,0.0013593097172223568,0.1831162536128732,44.38559911405694,0.8,Aug,2,5,4,14,Returning_Visitor,False,True
12,379.19620697284074,6,164.05789229253784,77,4839.335660865941,0.1527713000400428,0.07059550627124067,18.801571719628896,1.0,Oct,7,8,8,18,Other,False,False
4,319.4746926671309,1,54.09238062683344,32,2753.8222500383467,0.10281638415323707,0.1004518590073373,65.31367332918553,0.4,Feb,7,11,4,13,Returning_Visitor,False,False
6,379.5179227694249,8,137.579383054152,59,4816.163545054682,0.15587303406702396,0.13801221784510145,14.84831830052844,0.2,Nov,5,11,4,8,Other,True,False
0,362.0516646365693,8,168.2623390087853,63,582.6204610750389,0.1044993617781177,0.0654357632513001,55.43007058479525,0.6,May,1,3,4,8,Other,False,True
2,318.61578989474344,3,259.18847422050305,38,2457.138510735711,0.12820497152707094,0.15951952816646375,52.71483816252647,0.6,Feb,4,6,6,10,Returning_Visitor,True,False
1,490.28840008999407,3,144.40001296069946,92,855.8254184116327,0.15726633107900811,0.10808690723052125,73.42278011860833,0.4,Feb,1,12,9,17,Returning_Visitor,False,True
8,451.68190631801247,5,269.302401803387,53,264.36463634198765,0.08102161091757135,0.16766084984126003,5.5109639940666755,0.2,Aug,6,13,5,6,Other,False,False
9,323.3324595585817,9,202.30469370704068,94,3091.4702841609346,0.0005416299640904177,0.12393444283769042,88.78729318513304,0.6,Aug,4,12,8,15,Returning_Visitor,False,True
14,346.5876057284624,9,41.099718916101416,67,1046.8392705988404,0.1699892991890377,0.07713117866380045,70.29917261468195,0.6,Feb,4,3,8,15,Returning_Visitor,False,True
5,25.797903329354998,9,298.4944107975279,28,2942.6081212548543,0.07617807252493253,0.16021427170330166,21.61259983487622,0.8,May,5,13,4,16,Other,True,False
9,334.9587322750196,5,158.16979822617378,3,570.6987649254382,0.09920854520331662,0.08782159337584154,18.340534860973968,0.0,Sep,3,2,9,8,Other,True,True
2,22.08271885505009,0,117.55748892272366,98,1666.612492449187,0.0015533284307937434,0.12362154519020643,43.16602141437834,0.6,Dec,2,8,9,19,New_Visitor,False,True
7,294.1318784849655,8,197.73412934085795,80,3910.3464646857033,0.0984184020700196,0.06132999037353615,81.75653295445969,1.0,May,2,1,5,20,Returning_Visitor,True,True
13,499.67674978291745,1,32.667994194311724,22,2190.8870939925164,0.1972974803143459,0.14267999816180552,84.29499931391071,0.2,May,2,9,6,15,Other,True,True
7,277.9032907185898,4,190.9615940260063,96,3142.4496203377084,0.05565353216375393,0.14987866493244162,52.045609213938306,1.0,May,8,11,5,3,Returning_Visitor,False,False
1,236.6050590406667,8,149.4708001497819,38,3240.815124320274,0.07908365404847562,0.10680113149591755,86.08108626867374,0.4,Sep,6,7,3,6,Returning_Visitor,True,True
14,156.42742825279376,3,122.00222099957494,72,4220.3376694965955,0.13743799929373532,0.1931634170481611,0.5443709191690571,0.8,June,7,12,8,8,Other,True,False
5,60.26128939323222,2,285.90600635366974,72,1631.36474408914,0.16295873350473175,0.18112533822231025,3.517463153159661,0.2,June,3,10,9,16,New_Visitor,False,False
6,365.5118357291408,6,156.76191501961597,62,3439.6048572867626,0.08347832480122007,0.1561911373609992,91.18215936367427,0.8,May,1,13,4,15,Other,False,True
1,96.29951389281521,5,65.73524384098152,57,4808.462877160367,0.06193377408025851,0.1570478111740614,77.53319298859161,0.0,Dec,2,12,9,13,Other,True,True
14,57.64101062364219,7,137.68904381318958,6,3653.9142384457614,0.18756515999701343,0.0878602572413227,45.07060582503857,0.6,Nov,8,11,9,20,Returning_Visitor,False,True
10,210.88132986525625,2,275.8162213718018,78,2454.453678821545,0.13542899333433386,0.14852228466326736,75.36101314779872,0.2,Mar,1,4,7,15,New_Visitor,False,True
9,397.67091897954873,4,52.8286413991784,32,3157.280048014727,0.023804260898628218,0.07973093978532796,95.56394617234216,0.4,June,3,3,8,18,Other,False,True
1,372.5322740601102,9,64.18711160647106,99,3701.01765983791,0.013785575626929725,0.07160048358797333,77.20895238812851,0.0,Oct,6,6,3,13,Returning_Visitor,True,True
9,27.441307323237464,3,3.9088703271251246,10,3065.2560708124233,0.09670997015807381,0.19992018413038704,84.2371333818322,0.0,Aug,3,9,5,8,Other,False,False
0,227.57184251807806,3,4.257014818730154,3,93.21230931429737,0.04401801320945449,0.14335638972097614,76.06065813900618,0.8,Sep,5,9,3,14,Returning_Visitor,False,True
7,261.2172880355845,3,248.81748808755376,59,981.919753459257,0.050796950675250696,0.11464818089857859,16.821109243354158,0.0,Sep,7,4,7,11,Other,True,False
0,322.2733253129111,9,219.63678205288676,76,4054.2364039051754,0.17553843576556966,0.09322467843259272,83.35741096457367,0.2,Mar,2,10,6,6,New_Visitor,True,True
8,325.0836752216141,7,106.51231693558748,49,1370.5267300892986,0.017913204863262134,0.14058806654933415,19.510882002421003,0.8,June,6,5,3,1,Other,True,False
10,182.34862472865294,5,209.49334716827184,59,3660.494976610058,0.14307282304577792,0.05743902623301292,89.2611328044147,0.0,Dec,5,11,9,2,Returning_Visitor,True,False
5,280.338597001757,2,118.56177789299106,31,1866.8798740560765,0.05422845067611762,0.06420214857571926,45.864989808107595,0.4,Dec,2,13,1,13,Other,True,True
6,240.5309419220432,9,285.86903879934823,93,2614.2027975081364,0.15206564428082756,0.05492850466105945,67.69767523110285,1.0,Aug,3,9,3,1,New_Visitor,False,True
12,442.4991782616405,4,290.1158044278105,69,349.1867660988245,0.14448227689270893,0.12487547498939927,49.724084788064346,0.2,May,3,2,7,4,New_Visitor,True,True
9,265.1325663174501,5,117.83813274280301,62,914.3155496380507,0.001478380288858605,0.1400909943780774,9.399092941660204,0.4,Nov,8,2,3,2,New_Visitor,False,True
6,220.5160808740808,4,256.2665719022604,52,4786.412847960981,0.10182708258431983,0.05937196420367313,29.07223076206651,0.4,June,4,5,3,20,New_Visitor,True,True
9,202.24272484092538,5,231.92671250923985,89,4451.788886700101,0.027863896475609273,0.1581836701248375,98.3731853997006,0.8,Dec,4,1,2,16,Returning_Visitor,False,True
2,286.21387971673283,7,92.99998115153679,41,3264.8528033862603,0.17324540611573536,0.08455926072718467,96.07147516698174,0.6,Mar,3,8,9,3,Other,False,True
1,401.98848970044884,6,69.61194867033178,31,2303.6265409548296,0.17431717657248133,0.15278021806547992,32.04868976555473,0.8,Aug,3,5,4,17,New_Visitor,True,True
8,269.2007451903938,4,137.47039511785016,85,3382.0488515471666,0.08366916149875162,0.19728457100528685,99.62968042452258,0.2,Feb,1,12,6,5,Other,True,True
7,330.82758754027077,9,234.40465218432186,84,3096.8653425787556,0.08887912369021611,0.1536658805080777,84.55511954968996,0.2,Aug,8,10,2,8,Returning_Visitor,True,True
12,368.9278834532625,5,288.0503354186236,22,2847.0757554670145,0.06065658788090542,0.1824789579385413,61.09594994322547,0.8,Dec,7,2,9,12,Other,True,True
11,260.08405493936596,3,229.07372065997177,4,305.2935885990737,0.14332125979200622,0.19222977601146013,4.012462026100949,0.6,Feb,1,12,7,12,Other,True,False
9,213.40852832743218,8,256.562095505511,13,3167.685027200919,0.07173227260529183,0.12301265725284734,90.14468295383796,0.8,Oct,7,9,5,1,New_Visitor,True,True
6,438.3326889312247,3,180.91929185115495,45,3846.91102241013,0.05355849490452676,0.15534874691295603,55.742927926431975,0.2,Jul,5,2,7,1,New_Visitor,False,True
8,208.75304201394607,0,250.62234925263778,42,4970.467456681422,0.08644621190090165,0.1777953880333763,86.84761512027696,0.6,Aug,4,7,4,15,Returning_Visitor,False,False
3,230.9714252877938,6,235.3262574010253,49,65.28197744560529,0.018297503677491746,0.10349133693115793,83.44291199057423,0.2,Mar,4,8,7,17,Other,False,True
12,495.17065667088855,6,113.09566257788403,20,3653.5655320202764,0.14932064092884076,0.08920959748405924,83.3006215201086,0.6,Mar,8,6,2,2,Returning_Visitor,False,True
3,0.11876178794228975,3,165.59709063621634,77,2863.2286865205424,0.0025192802543573924,0.1919897859167508,69.8173860714905,0.6,Nov,3,11,7,17,Returning_Visitor,False,True
0,92.73645478836123,2,241.42593659690846,81,2175.920358643974,0.1288970123041188,0.15894552505532272,29.141513867604864,0.8,May,3,7,4,20,Returning_Visitor,True,False
7,191.98194495986286,7,13.817020256986911,54,646.5751711111407,0.03657290535097448,0.08295232000637395,33.616025774451984,0.8,Aug,5,11,4,9,New_Visitor,True,True
13,466.29495471262646,4,242.423784706749,36,2051.3348916880323,0.04648080924288263,0.11736250890141703,30.846921258268633,0.8,Dec,6,1,1,12,New_Visitor,False,False
13,35.014852873735514,9,53.36643721470703,97,1778.342143100815,0.127126399728008,0.16946776543067144,2.0045999532564696,0.6,Jul,6,4,3,4,Other,False,True
11,4.742716814249038,6,154.4050851364317,1,1521.1211460039235,0.19858869315658145,0.13205944863776634,58.256890921481116,0.6,June,8,13,5,13,Other,True,True
2,26.341917988614295,3,242.48263186678128,15,3657.0893203778164,0.15554349781451016,0.14749281472488338,69.88336704460329,0.2,Dec,6,7,5,4,Other,True,True
6,44.271705306809075,3,76.14632344700846,77,3506.620351208476,0.0451679264446784,0.16306523030675787,85.38659935252035,0.4,Mar,4,1,2,7,New_Visitor,True,True
14,18.798386603130435,7,73.7422317918459,17,2949.2102539947487,0.03520495100822676,0.1433013783213471,14.016543338273035,0.8,Oct,1,13,4,14,New_Visitor,True,True
11,239.8906634282524,7,120.82931953867556,24,4693.937418333928,0.17324657405353408,0.13101189828832938,54.418314897680176,1.0,Dec,6,1,1,9,Returning_Visitor,False,False
1,290.37860361366387,1,268.39283927329035,58,1755.7733770624639,0.08883678958430086,0.16244214265816603,0.800814067378286,0.2,Sep,2,11,9,1,New_Visitor,False,True
1,135.84348553450204,1,0.13283443116236526,72,1226.571669173796,0.027410560565631095,0.15913445531483011,9.509364771072947,0.2,Mar,8,6,1,1,Returning_Visitor,True,False
6,199.1436919878178,2,270.4149289925805,91,3282.957532361014,0.17244228466438763,0.14448086002747684,5.421174420599306,0.0,Aug,5,4,6,20,Returning_Visitor,True,False
14,45.849667555715065,2,46.14210739248234,23,1002.0821640776408,0.1632184705828523,0.10396841200728946,72.54780340154869,0.8,Oct,6,3,7,4,New_Visitor,False,False
5,168.18523191421104,0,297.0259128202446,46,1581.9024308452888,0.19678127277943272,0.11087181383004074,8.105956387760315,0.2,Sep,2,12,3,1,Returning_Visitor,False,False
2,261.2595958172615,2,286.45409791154043,72,1130.7661759736752,0.1819487373425368,0.19556578233261462,71.645298155879,0.0,Feb,6,5,1,10,Returning_Visitor,False,True
8,366.13590359232256,5,148.402556877385,8,355.07630291532115,0.17035806773210835,0.06685788984372888,24.962470441058336,1.0,Jul,1,9,7,2,Other,True,False
9,1.6731810214896115,7,153.81607434378844,59,4139.21872076201,0.010514879562200631,0.09027573758792531,87.77129606969395,1.0,Mar,1,10,3,15,Returning_Visitor,False,True
14,233.65538326882628,9,144.46480208275628,90,1280.1573091790892,0.020883073899623607,0.12386026388065037,81.31499883638142,0.8,Aug,6,10,6,3,New_Visitor,True,False
13,148.5014382274411,5,190.6330936978568,59,2370.407241681673,0.11379663886082457,0.1755094529215679,95.78302174752766,0.6,Sep,8,12,6,9,New_Visitor,True,True
12,426.4109108459507,4,27.21651067047931,13,226.1432135390166,0.10629584925636418,0.07455134955945919,88.37620154580318,0.0,Sep,8,12,4,17,Returning_Visitor,True,True
5,357.776657617121,3,9.785384502469952,39,3499.703936600689,0.0915926428979071,0.09154319271869149,93.33294191163472,0.6,May,2,11,6,13,Other,False,True
9,294.5542672354474,2,17.310878524769656,28,1659.4994015083912,0.07935786508291685,0.05986973266928585,85.87423965133077,1.0,Sep,5,10,4,3,New_Visitor,False,True
9,138.63282284838678,3,133.30960477245432,89,3726.2362718677578,0.08624209697286578,0.1558977899076228,69.33819006148553,1.0,Jul,2,3,8,4,New_Visitor,True,True
5,455.16955102876716,6,82.66438176584502,61,2067.891271734652,0.11385958682695906,0.08573141532134243,17.025915212543595,0.4,Oct,5,5,9,4,Other,False,True
0,22.550338610161592,0,186.61186871129814,16,986.8204759640669,0.0004153035200162414,0.10830121260064259,27.170751885409295,0.4,Oct,6,10,2,11,Returning_Visitor,True,False
3,54.73379933955758,6,297.7326868124337,2,2570.743660587359,0.05214175482657044,0.1165552170544502,21.272696613027307,0.4,Sep,5,5,7,7,New_Visitor,False,False
9,195.81507027017804,0,115.89695192293978,82,661.2177525908245,0.10365594413774222,0.18369709034096837,60.35857876582056,0.4,Aug,3,9,9,11,Returning_Visitor,True,True
5,62.21877864842818,1,172.152376231354,17,2208.290407766244,0.14444321973472926,0.11169954354968553,50.361993797360135,0.2,Mar,4,11,9,11,Returning_Visitor,True,False
14,478.2078487797125,3,124.68116877220065,30,1593.3543323282279,0.034831338479079266,0.07178375298728737,86.70799971584236,0.4,Aug,7,12,5,10,Returning_Visitor,False,True
5,398.99466107169167,0,254.18150031655782,13,4560.678325156169,0.10937623475748659,0.12864724075101816,95.26728664990756,0.2,Nov,4,10,1,5,Returning_Visitor,False,False
10,129.49132580090682,8,270.67092103867145,96,314.03432138639255,0.14289193677715636,0.19444369919729448,40.485988961814435,0.2,Mar,1,11,6,13,New_Visitor,True,False
11,294.2771144866227,5,263.206683661578,93,3473.1468963876528,0.08892553158278094,0.14115284615762166,50.635055328081236,0.8,Feb,3,4,8,12,Other,False,False
4,491.1652575400408,0,292.31167160377726,94,921.9283182773052,0.00541622673401021,0.1975080830690859,97.15163568041392,0.2,Jul,4,1,1,10,New_Visitor,True,True
0,442.09948906575147,0,8.255755542124588,82,1602.0349209178767,0.08985363169312735,0.17616609634083052,27.623894162314354,0.2,Aug,6,10,2,7,Other,True,True
7,300.399223221099,5,251.9448486436593,13,2083.4151746797093,0.059288977548830626,0.05539486343201192,79.23907753588136,0.4,May,5,5,1,19,Returning_Visitor,True,True
4,451.8619835876352,3,225.53165191172798,43,4540.995295981122,0.18592992154026566,0.1487599393065563,22.52399023352463,0.2,Oct,5,1,5,19,Other,True,False
11,494.59245490667945,3,68.60832282010944,85,1220.4655477083875,0.024922677135665473,0.09301503163368255,68.14601154252719,0.6,Sep,2,6,2,19,Returning_Visitor,True,True
11,371.6764114468121,5,286.89602801625824,94,465.6309246979044,0.13049519110144644,0.1339425283467086,25.361562763856416,0.4,Mar,2,12,4,12,New_Visitor,True,False
11,32.493204741447016,6,44.45337846898364,21,1600.2611239127127,0.010543953266900231,0.09190177863968399,88.37333888313869,0.0,Sep,8,10,1,20,New_Visitor,True,True
4,200.79011821274372,8,203.86497814017252,55,532.3330929723114,0.08923408756253931,0.10233056249079357,56.14779437366768,0.4,Feb,5,10,7,15,Other,True,True
6,418.9128676416227,9,67.46706504477375,81,651.696464943157,0.11079589744401613,0.1884753067631269,18.59336408743846,0.2,Nov,8,7,8,5,Returning_Visitor,False,True
3,115.2845979025095,4,129.4141946322224,40,2873.5144838953834,0.05959098626337309,0.0809964777337558,22.436917569848603,0.6,Sep,6,1,5,14,Returning_Visitor,False,True
5,415.3212588753123,8,215.7479690833707,83,313.9006461664717,0.09101512710407689,0.18111636770387457,49.38491957081003,0.4,Aug,5,10,2,12,Other,True,True
12,60.16938101749797,3,168.997392609914,15,164.3450981538945,0.032710758906037474,0.05456867121057452,96.16020255748788,0.6,Mar,2,4,8,11,Returning_Visitor,True,True
3,23.472678573906503,9,128.25054939843352,73,3574.9263663377837,0.06082476989360724,0.06363148075544726,76.96421638836544,0.0,May,4,9,1,5,Returning_Visitor,True,True
13,192.04530574562477,1,97.90152927959616,52,1814.6190032568122,0.12422126498204061,0.17820125620763955,48.83096428258451,1.0,Feb,8,13,7,16,Returning_Visitor,False,True
14,18.365968713306813,2,251.8978967126371,74,635.6229926770277,0.060360011172231026,0.1445834046363793,33.77191445622171,0.0,Dec,8,1,1,18,New_Visitor,True,True
2,478.63513149166283,0,43.144305094444114,95,1275.527726589944,0.17994861568177434,0.16208542070593257,54.92684933484426,1.0,Jul,1,9,6,12,New_Visitor,True,False
6,413.10284789698295,5,129.03086295894002,53,3214.0116716884713,0.12568139152819796,0.08141265062327815,74.83608334286197,0.8,Nov,2,8,6,5,New_Visitor,True,True
7,400.3848435649375,5,271.12727153254264,87,1384.9274700328474,0.0877298036871969,0.13056251833851554,78.39285884528,1.0,Aug,6,5,5,16,Returning_Visitor,False,True
3,314.8889614980765,0,253.7548651379903,52,2477.6604143508353,0.007751387110836495,0.16058288353569572,32.46087980969447,0.8,Jul,8,6,2,12,New_Visitor,False,True
12,108.16201151827676,2,120.282528741914,30,617.2595805660947,0.09990966704093425,0.1440971205515394,72.11592682138772,0.4,May,4,7,2,2,Returning_Visitor,False,True
1,259.1301833381961,4,228.9325090803925,33,2944.5872516511804,0.15295524842501784,0.12075481503368143,65.77887800361862,0.8,Jul,4,4,9,6,Returning_Visitor,True,True
11,298.6370362151705,2,246.94824921265777,57,1587.2276423778876,0.053111519602482726,0.19396756796565723,95.91122919962939,0.6,Oct,4,6,5,4,Other,True,True
9,262.51575043013406,9,266.66622720108893,52,3138.5724882982954,0.16135471392975348,0.1514236000180168,93.10902905080148,0.8,Mar,3,7,5,13,Returning_Visitor,False,True
13,130.11668397576364,2,163.3517307147684,9,4043.8904626970743,0.0503613532101763,0.18616262003618572,78.93793256035771,0.6,Jul,3,11,7,10,New_Visitor,True,True
2,257.62396215736294,9,61.33826581641354,54,3062.115632756062,0.16474927759016011,0.15946557673605222,72.33946888549283,1.0,Aug,7,6,6,17,New_Visitor,False,True
0,245.59317043431327,2,76.5927229511795,1,1485.7803373491531,0.017053668322335482,0.16031952928965248,27.404158970427584,1.0,Dec,4,11,2,14,Returning_Visitor,False,False
7,498.16788790336216,4,88.70840221248126,44,1286.161070726019,0.1732367417738059,0.06200274046365191,84.59652560985333,1.0,Oct,8,13,1,15,New_Visitor,True,True
14,448.7180740231019,4,178.14074424288467,99,1643.8305840799055,0.0998372901866661,0.10391969327809154,42.750570371336615,0.8,Oct,6,12,5,8,Returning_Visitor,True,False
2,231.69037410780996,3,9.84288723858253,75,831.4563610501591,0.0593075179240524,0.17875541100794878,27.224054250604468,1.0,Jul,5,6,4,18,Other,True,False
11,311.4686914675593,0,190.81274063399047,98,914.0475357416002,0.053022650083029754,0.08489057932231339,38.41607579534625,0.8,Nov,6,2,3,3,Returning_Visitor,True,True
9,373.93580204611425,4,109.3062715284696,80,3955.548598481838,0.08640211178607254,0.06732587992346993,83.59354900165079,0.8,June,3,5,2,17,Returning_Visitor,False,True
6,17.432580116912455,9,88.57254074689264,9,1929.8155567721503,0.199809899620729,0.09891590849581902,14.8633215577885,0.2,Nov,2,3,2,7,Other,False,True
9,447.46072061391993,4,263.8489712184379,32,2185.6159510472235,0.044065478687516514,0.0830656827338921,45.615874111982244,0.2,Sep,8,7,4,13,New_Visitor,False,True
4,430.0634082089619,3,138.00071867423966,15,2974.3068331783875,0.020643329775799926,0.1887932292189733,49.23575945294897,0.8,Aug,7,4,2,16,Other,False,False
9,228.71604888685366,5,28.515913659807836,12,2952.3709408062227,0.11700703374373239,0.1801949963003197,3.66296975988194,0.6,June,3,1,4,5,Other,False,False
4,195.5848830401899,9,248.0240304078741,97,346.2105888944094,0.09770849328805142,0.12495248454243564,19.574602954816534,0.4,Mar,5,12,3,4,Returning_Visitor,False,False
13,136.47968742815746,3,14.292377230951981,78,4159.388523824951,0.10483925421266148,0.0592015811725802,82.67424285758564,0.0,Oct,1,12,9,10,Returning_Visitor,True,False
6,238.3384141651842,6,218.024767250459,57,894.8595005874577,0.13338708351144343,0.15718435191397345,83.07673885947607,0.2,Aug,7,6,7,13,Other,False,True
14,22.188331766618386,6,232.17186653119956,8,3618.1274638878476,0.053428813974129866,0.14351175970043972,29.241508388424798,0.8,May,3,6,3,10,New_Visitor,True,False
8,426.0967666735039,1,105.78078177865746,72,3865.628230759551,0.1821329990767777,0.19558320060927442,87.48972345979263,0.0,Sep,6,7,8,14,Other,True,True
11,17.711184209272535,2,247.436356883336,27,3577.348675115655,0.08713441322445808,0.13384298604055656,77.17829390683478,0.2,Dec,7,11,9,12,New_Visitor,False,False
4,164.5256826849355,0,154.69782175693604,62,2899.0984563051843,0.025817239028492357,0.10045905851043642,41.79074837954094,0.4,Sep,8,8,7,1,Other,False,False
0,465.79474415949494,7,138.98809598183905,12,82.89889557332548,0.14845975134678888,0.12785325403678338,74.84063444050378,0.6,Aug,6,3,6,20,Other,True,False
9,367.6063272617264,8,13.620984440607764,65,1808.2737068922218,0.12862087052357005,0.1968894937106775,96.13346311948062,0.8,Mar,4,6,4,20,New_Visitor,True,True
9,140.69548028876338,3,87.00875809467176,42,3028.14875251928,0.06314868049680743,0.15445436487995462,45.89697180653488,0.4,Oct,4,10,5,7,Other,False,False
0,126.32454698044255,5,279.3029912655899,62,1943.381966653468,0.12430374480680971,0.1507964206890577,23.842717895348365,0.2,Feb,4,2,8,9,Returning_Visitor,False,True
14,2.541069909012983,8,117.54718898505,11,4318.764675614937,0.043972391273795375,0.08610223845888282,94.18165000501558,0.8,Feb,7,13,3,8,Other,True,True
1,347.8571464248751,5,164.0101561670305,43,1550.9233539945806,0.08896787186810591,0.16154037763409268,60.37442885632564,0.0,Aug,1,9,2,13,Returning_Visitor,False,False
13,24.391790836586548,8,159.60650369527553,95,1474.7386143687156,0.17988250443346507,0.16254077442076578,10.526516248042528,1.0,Jul,5,2,3,14,New_Visitor,False,True
5,266.301259700381,3,177.129326946808,17,1337.3284885323633,0.026706846632149884,0.0975933475663858,57.268281585668944,0.6,Nov,8,3,7,12,New_Visitor,False,False
8,481.0609862960249,7,18.399286692984784,97,1670.5765361143697,0.0773392899974924,0.12255707485860699,50.05808894482987,0.2,Sep,7,12,8,8,Returning_Visitor,False,True
7,54.73443002722694,8,108.65287643961848,32,2791.450771927794,0.16422848494406947,0.09419049994106841,85.55888940755634,0.6,Mar,2,13,1,18,Other,False,True
12,447.23996548403375,3,216.93848216476624,93,3538.006318420228,0.19389817988123564,0.088805760548643,53.069518976352136,0.8,Sep,8,10,7,16,Returning_Visitor,True,True
4,495.73766757252406,4,60.168075321894875,85,3316.2139095165376,0.09078522728435919,0.053884410537422774,25.523243434428345,1.0,May,6,12,9,11,Returning_Visitor,False,True
0,30.758513119617525,7,61.07351326390813,85,4040.5119217075835,0.10139992402866949,0.09278176169799981,67.56440638648886,0.4,Feb,6,12,3,16,New_Visitor,False,True
12,441.45313456873066,9,3.0271820067074184,40,4430.71083753215,0.11443439235675396,0.13309549248174124,54.257545253558014,0.6,Oct,7,2,3,14,Returning_Visitor,True,True
6,258.0395102218083,5,131.2445779824629,23,4082.2344212933226,0.1864696283267422,0.050240178132354325,23.304462826687246,0.0,May,7,9,8,3,Other,True,False
14,453.25685972229,6,264.8203142020266,56,104.53756283802933,0.17164135819540596,0.09248286257145012,57.36278579429078,0.2,Oct,5,1,4,2,Returning_Visitor,False,True
4,285.65947095978703,2,15.570283076192704,6,3682.2305882244236,0.03412022492432887,0.18221154984848753,82.15355778896861,0.0,Sep,1,5,8,3,New_Visitor,False,True
5,331.0560050532823,6,57.335612848800785,86,1049.9138723554747,0.08735156356941501,0.13904728776610414,2.8570917724010436,0.6,Mar,7,1,5,4,Other,True,True
12,271.88945399869965,7,93.02536150282651,50,673.3109331128334,0.09280008563928527,0.14117942361214708,63.08510386451117,1.0,Feb,4,5,3,5,New_Visitor,False,True
6,432.24644015367426,9,219.51742096926387,37,3196.059036147686,0.15781922232975135,0.110504645753953,34.95851957843921,0.4,Sep,5,8,4,10,Returning_Visitor,False,False
2,366.9549594768509,5,192.19067784077595,64,1605.5185450843976,0.12057857652108706,0.15147082152386165,29.267144575942417,0.4,Feb,2,8,4,20,Returning_Visitor,False,False
11,260.63015609020744,9,124.78317137455652,54,295.0146452185119,0.1308440924058026,0.07848991493455387,39.258775036111125,0.0,Aug,4,11,8,2,New_Visitor,True,False
9,434.0804020257735,8,227.7206817775127,72,696.7723746478231,0.19963998153312354,0.17281202155762876,34.20226642479817,0.8,Dec,2,8,6,12,New_Visitor,False,True
2,122.64276612766729,5,182.88930349707059,49,14.637790181105709,0.014992008694002613,0.06750336799038498,83.22391067084416,0.8,Dec,3,2,7,5,Other,False,True
4,78.67032985126299,8,268.81223989716574,99,4517.085900450089,0.0446019647067466,0.1484002031979664,27.479781076790054,1.0,Oct,2,8,9,5,New_Visitor,True,False
5,80.20005266503605,3,245.4080247416079,11,132.84373936778056,0.08157918747430937,0.10117239887295246,73.31530231065854,0.4,Sep,4,12,6,1,New_Visitor,False,True
8,167.00443937261895,7,75.84408182676017,88,1055.18428985246,0.06955648060977744,0.16212694558737153,9.405982022858872,0.0,June,3,5,3,4,Returning_Visitor,False,False
12,119.34501565050876,3,81.43157329026006,49,2087.1512756326574,0.004329112269396718,0.13246468268990302,95.13963724844156,0.0,Feb,4,1,3,12,Returning_Visitor,False,True
13,465.0451752548693,1,37.606942737715684,21,1789.2909164945872,0.018355521294235167,0.11785295577180745,62.23166372485518,0.0,Feb,6,7,3,12,New_Visitor,False,True
11,52.917046914292,9,101.08941771523695,66,4559.512125794751,0.13619065828071525,0.07541336031398706,70.67185770445602,0.6,June,4,13,2,16,New_Visitor,True,True
4,349.4953690197938,8,299.86317561572827,63,211.04183921536514,0.17586489267251215,0.14552321964265294,29.8039332094451,1.0,Jul,3,6,1,17,Returning_Visitor,True,True
14,94.61076989250294,4,121.7253505845183,83,2565.9513913084875,0.10284540225319552,0.19621547651306198,41.209656870811465,0.8,Sep,2,5,1,10,Other,False,False
0,440.8185663851751,3,66.14653040673191,28,3405.592517996626,0.1078382159027266,0.17384051373605228,22.377838627097624,0.8,June,6,1,4,17,Other,False,True
13,480.6576440924537,1,228.74486534266592,17,4659.172888669033,0.05101868656647588,0.05900122888835177,93.25360858022239,0.6,Dec,1,1,3,17,Other,False,True
13,232.73500438499178,0,162.74130103879682,6,3105.652548097368,0.1535752727267423,0.10643440675417867,48.810444710137766,0.2,Feb,1,6,5,18,Other,False,True
13,439.53574011406585,6,44.88043485808576,19,4020.738627698696,0.1503589174734513,0.1888374513785408,63.044811565798994,0.6,Dec,8,10,9,2,Returning_Visitor,True,True
3,2.5725853773573837,5,114.20690434825973,56,427.7874398482885,0.11767313784353134,0.12545656213355322,73.42720305307154,1.0,Sep,1,12,8,4,New_Visitor,True,True
4,409.9734587040501,1,124.340914661803,28,1935.8381595752676,0.04253285730226857,0.14931677387122688,37.1106091099539,0.0,Mar,1,7,9,19,Other,True,False
11,114.31258076246176,7,226.1489101707656,66,1875.9962010505467,0.019403643647417892,0.18688990183870857,72.01016545391413,0.6,Mar,5,10,5,11,Returning_Visitor,False,True
9,454.35065463468396,3,6.201410667571339,38,4432.5782001140315,0.012847715171425179,0.18106920356298212,67.59924897563401,0.0,Oct,1,10,8,17,New_Visitor,False,True
9,0.5600557400547435,7,80.70589403949315,37,765.3421446037419,0.11853921332857556,0.12527305633107666,70.56593338739465,1.0,Dec,3,1,4,12,Other,False,True
4,278.0908675198785,6,155.2788903946566,68,767.911999959785,0.16500706382856,0.11564694539864033,48.922990020461285,1.0,Dec,7,9,5,2,New_Visitor,True,False
6,378.3179018924673,4,80.654022735853,86,1649.5051679301343,0.17166608635618497,0.10095389277193807,38.29373822916171,0.4,Dec,1,4,3,6,Other,True,False
3,129.344165348954,9,188.53021422569967,90,281.7855763605195,0.09272441486868997,0.15785291647443367,22.208218820898985,0.0,Jul,4,5,5,9,New_Visitor,True,True
0,96.56643229364653,9,144.560243782385,49,920.4656228559254,0.15685425986134338,0.0930480199207315,82.46263528008929,0.8,Dec,7,2,3,5,Other,True,True
13,42.049112233992325,7,108.51307645787419,43,4826.396096343218,0.18937603926820473,0.08748314096463503,60.83500465316787,0.6,Mar,1,12,5,20,Other,True,True
13,163.21678825164648,8,284.7625880611537,36,2146.6378599371924,0.055034022497613605,0.10343748419056703,44.435219609749495,1.0,Jul,7,10,5,9,New_Visitor,False,False
4,279.9221561544147,4,189.64784975593722,58,3163.775850027958,0.07959206927615144,0.07658225853181881,94.39959067106113,0.0,Oct,2,13,6,8,New_Visitor,False,True
6,57.921928390128826,9,38.98241168038237,13,3633.295184129738,0.18629579851933614,0.15426797239186513,4.783881250703881,0.2,Aug,3,8,9,20,New_Visitor,False,False
9,188.3476809933994,4,168.02750923301863,52,1841.1374209659305,0.06764619346345697,0.14243609739959184,85.01719452050476,0.4,May,3,2,1,8,Returning_Visitor,True,True
9,4.536202326362481,1,234.2195559602703,58,744.6631013084797,0.18277525806435926,0.12243178011737656,99.75825929459724,0.2,Oct,8,3,6,6,Returning_Visitor,False,False
5,409.33971024992087,4,212.5469092478392,32,1040.8392709466864,0.19620897245089317,0.10854886688923321,88.69421108828674,1.0,Nov,7,12,1,3,New_Visitor,False,True
4,64.22435904659568,2,51.62676878857781,81,1573.1997181372456,0.13236214571488494,0.18635938143450975,81.04365856156252,0.2,Jul,8,9,6,5,Returning_Visitor,True,True
3,141.6714741327908,6,291.725999712031,60,3183.981417557606,0.16337805790083368,0.05436856774836579,37.43059934063246,0.2,Mar,6,2,2,9,Other,True,False
1,9.213859369108734,9,134.6440937239818,83,1997.4199399543816,0.14990911284421704,0.1653661615260949,23.13141822622935,0.4,Mar,5,6,8,7,New_Visitor,True,False
3,216.12039194625615,4,47.70750112207839,58,44.005342521639314,0.13990685152310475,0.18528643576233333,73.4850520499601,0.4,Sep,4,12,3,4,Returning_Visitor,False,False
14,420.0607513706094,7,54.05872623844438,99,2621.8018534866846,0.06138621459624652,0.1169531869144889,30.45753662885684,0.4,Feb,7,4,6,7,New_Visitor,True,True
9,196.0756057225983,0,29.47049765672415,56,4608.351825618015,0.011418867581588743,0.13260357372059703,17.60396821549707,0.4,Dec,3,7,6,5,Other,False,False
9,89.7486617119167,2,241.0554325304803,28,4062.2672789333083,0.06861034650393012,0.19166955318230572,78.65258871035913,0.2,Mar,8,6,4,11,Other,False,True
2,376.8494170252596,2,36.609148296554594,1,4127.804742585559,0.13338719704078134,0.08184162729282718,31.25436522367222,0.8,Dec,2,10,5,15,Returning_Visitor,True,False
9,394.40349093537213,8,37.53757714252408,42,3977.3395078545946,0.020505839645560277,0.12802022716770273,91.44417294873384,0.8,June,1,9,2,2,Other,False,True
0,86.8767376537834,4,255.1414844282513,82,1625.4168197960141,0.0023835965956484186,0.12120816906923194,84.06326448191253,0.4,Feb,3,9,8,13,New_Visitor,True,True
7,385.4270542704949,8,103.3812253342679,48,3828.317230434416,0.02793847452058773,0.08875889718055552,84.76403295092551,0.6,June,2,10,7,16,Returning_Visitor,True,False
4,473.648944128169,8,9.257371292421734,40,724.3751754778531,0.14314718528215906,0.1727889845559662,77.15697260558262,0.0,Dec,1,4,6,7,New_Visitor,False,True
12,83.18879346613616,0,15.568589855523262,97,3292.003574907008,0.1945587403312888,0.1849400892144854,88.08814237747367,1.0,Jul,5,1,7,8,New_Visitor,False,True
3,385.4921462660678,1,42.651134011168665,63,3211.427147758122,0.1966129399229641,0.16728988696823133,80.57468921781201,0.6,Nov,3,2,1,6,New_Visitor,False,True
7,354.2860023013147,4,64.01800439270686,76,137.59329745777598,0.09879582982803758,0.07930384412729126,60.251136357472866,1.0,Feb,8,8,5,7,Other,True,True
6,236.78694421754426,3,199.5438582715216,72,3941.9709666187487,0.1738704601984695,0.06301229532520725,29.582271858186317,0.6,Jul,3,10,7,18,New_Visitor,False,True
1,28.960230279399145,9,47.19788400054847,88,4517.208044424701,0.1473652911503008,0.14081667279580137,88.8209193214149,0.6,Mar,7,8,1,20,Other,True,True
0,37.347208878927006,8,35.662317353121594,80,1344.4022395758172,0.10020804739692069,0.058564214076482594,84.06036227731919,0.8,Nov,7,2,2,7,New_Visitor,True,True
11,426.2073295993238,6,229.41574244288375,4,4063.8297136888928,0.11455210659101736,0.15092388328371265,47.287932221054504,0.0,Aug,2,4,9,3,Other,False,False
10,495.0741863753235,5,201.31658515797432,38,421.20579959112155,0.027445429323374217,0.1295636330490864,3.9078686001955187,0.6,Mar,8,1,3,5,Other,False,False
3,338.0261285933772,6,130.59726643657086,27,3003.8396127227193,0.18753229212331843,0.14941785991154954,63.854372740191344,0.4,May,6,7,6,1,Other,False,True
7,222.97915350516072,0,164.79293144403118,9,2433.377858018043,0.07038595414635536,0.1385256160474616,5.059685367658173,1.0,Oct,7,4,7,15,New_Visitor,False,False
11,323.7868217009538,0,93.59520609792554,16,2734.15843121191,0.0892298512914339,0.11340538542907593,92.62799618484073,0.8,Feb,4,11,9,3,New_Visitor,True,True
1,297.19792961427265,7,144.7501260706082,56,4631.763957402882,0.13433204619957975,0.08013157702103424,96.1631256625307,1.0,May,5,8,5,8,Other,False,True
2,191.8061302028109,1,152.00179469482373,76,4357.863083761799,0.06678049430531079,0.0958553203715733,18.949014589960424,0.4,Dec,4,9,4,9,New_Visitor,True,True
11,32.81307228700647,9,116.17118135342878,31,3927.5674496263878,0.050851832197786107,0.12867508613284648,67.638937805491,0.4,Feb,3,12,2,15,Other,False,True
0,410.7564737037205,8,271.9716632016488,88,1375.755303815071,0.12620987865404412,0.1477802140471409,9.226900456276276,0.6,Oct,4,9,3,10,New_Visitor,False,False
0,185.91676461936228,6,4.818559494301844,14,4559.974957143598,0.004996816456369891,0.1669224525326793,72.95169285731221,0.4,Feb,1,3,5,2,Other,False,False
12,409.39282167854685,5,234.65137892737386,25,496.5633853947375,0.14414502240533578,0.16507560776735913,34.72876661526746,0.0,Jul,5,5,2,20,Other,True,False
2,126.2543748441911,0,37.3148493723973,34,4268.112790628351,0.10280467397530196,0.19590331148916285,68.10501117304453,0.4,June,4,6,4,5,Returning_Visitor,False,True
10,0.5147399228166982,0,239.26420816115984,67,1647.5187610445028,0.12115074610418688,0.09287621729951143,37.287650920217786,0.6,Sep,1,6,1,19,New_Visitor,True,False
4,79.46914163837826,1,184.77357470301635,24,278.32383519329704,0.12637603184937704,0.06066660623201552,14.556750983323575,1.0,Jul,2,10,4,13,New_Visitor,False,False
11,234.2697083842922,5,252.98342728092072,73,3350.091351361334,0.10541003129851274,0.10184854033127891,40.61099805025579,0.4,Oct,4,8,7,11,Returning_Visitor,False,False
2,472.15181747891495,5,29.254297692269237,26,1164.0868422966178,0.1165067554881472,0.16149417128361152,11.267352663479002,0.8,Feb,5,6,3,1,Other,True,False
0,51.09680984685949,1,167.69419022993222,20,1225.4199180645132,0.13675764017797493,0.11571674765499429,57.68832749769458,0.8,Jul,1,6,8,15,Other,True,False
0,427.104887230783,0,150.3263640786591,64,1537.1753594815698,0.15062376943593483,0.17266826458841295,4.0951532149479775,0.8,June,4,4,6,18,Returning_Visitor,False,False
7,263.51204810593106,9,211.8579548890076,10,327.78698983755845,0.1454904782572241,0.13239895477790226,52.73196795998597,1.0,May,2,7,6,16,Returning_Visitor,False,False
9,412.9603828999483,4,160.28716556810275,83,893.8644495492877,0.17392329154645236,0.1894687583945755,88.63686470955409,0.2,Jul,4,8,1,9,Other,True,True
10,149.1872154949963,4,162.22037013993125,67,35.64674165194591,0.03788868663348055,0.19217951629986035,83.78732701193627,0.8,Dec,1,3,5,1,New_Visitor,False,True
11,419.97358233623595,1,128.8787830728194,24,2232.5935103178763,0.08022959389835951,0.06039567590281231,88.27816996264968,0.8,May,4,7,3,11,Returning_Visitor,True,True
12,386.41139000840224,5,92.65032720220225,5,430.4343333156767,0.18955921320289143,0.11846201595686366,92.20488021271073,0.2,Oct,5,3,1,9,Returning_Visitor,False,True
12,115.02684151571697,8,144.67930837565766,67,3416.436499170553,0.07931811487726595,0.14145335918743523,10.452788787569423,1.0,May,3,8,8,11,Returning_Visitor,True,False
11,65.66756320468903,1,35.54770763052018,58,1185.7580274463255,0.024974015381184534,0.08838088112183193,12.874720287571307,0.8,Feb,8,1,7,13,Returning_Visitor,True,True
14,434.02716126614644,9,288.4540016949254,27,4718.434978735534,0.10508902527243591,0.11106151690684704,55.70068063131286,0.6,Nov,8,1,7,2,Returning_Visitor,True,True
13,481.6183267200659,1,214.32322908797948,80,4357.5456207192765,0.021898194510892435,0.15165223116765475,89.39726684244292,1.0,Nov,1,6,4,14,Returning_Visitor,True,True
1,15.65115687375812,2,285.740135006354,15,1454.310065891359,0.04057064774557304,0.08401013403475421,97.43494565240307,0.8,Aug,1,10,6,6,Other,True,True
12,365.63503348684276,6,68.01821469898897,35,3918.245118736827,0.19966375131419134,0.14029720294616788,4.626191733999995,0.8,Dec,1,9,9,8,Other,False,False
2,454.7622554739092,5,263.8023060529584,76,4018.192074277383,0.1082725276792264,0.15461717422464594,35.577408420066014,0.2,Feb,1,12,3,18,Returning_Visitor,False,False
1,428.68004604624934,7,242.63699536906154,53,4932.949939430908,0.056811677808085805,0.06357444666438002,21.289425465999344,0.6,Oct,4,4,9,16,Other,False,False
2,482.26023613510426,7,203.1457237373021,44,2993.221534359968,0.19895499091478122,0.12462939740411792,75.59658489312481,1.0,Mar,5,6,4,12,New_Visitor,False,True
6,380.0470392190486,5,187.50875582556174,26,419.00901587187434,0.19331178371102864,0.08946200448862862,64.0193868537032,0.4,Nov,8,12,5,11,New_Visitor,False,True
0,221.14938119045513,9,94.96489958036099,47,3237.717772342641,0.08814780821685271,0.1586579533997067,11.988803148384541,0.0,Oct,2,5,7,6,Returning_Visitor,False,False
9,155.97599524756524,2,244.9232354895092,34,3128.6489443964156,0.052080621757581685,0.07843332628054107,48.35220673649715,0.6,May,8,12,6,3,New_Visitor,False,True
7,160.37137021906372,2,150.45463844392015,87,3195.3693813279547,0.167679927618438,0.18383568733071598,68.54405223712914,0.4,Jul,5,1,8,14,New_Visitor,False,True
12,362.2113363070585,0,21.26747276738561,95,1542.6567840400155,0.14312414339435717,0.11464120047774905,77.90053939240377,0.6,Nov,1,6,8,2,Other,False,True
9,372.91850601548214,6,93.858948256539,50,4299.801129550861,0.13738828700070208,0.07970045454613303,2.0052709784008527,0.4,Feb,6,9,8,11,Other,True,False
9,100.17957177435632,4,280.5891295635983,84,4797.766192947505,0.17862274826449454,0.11570326945254941,89.04695739838898,0.4,Nov,4,12,3,3,Other,True,True
9,434.0614067452655,3,255.20407818145387,12,1096.3854397609762,0.13788342677426493,0.1113115644212792,56.92813829505244,0.6,June,6,3,6,18,Other,False,False
13,357.4620201011238,9,294.57170942296176,87,449.8792691018558,0.05675958860830983,0.11433784392405655,81.19091149599046,0.2,June,4,11,7,1,New_Visitor,True,True
1,281.3751431716913,3,188.39801478122942,4,980.7298155107355,0.13877263237514645,0.13783419402461705,80.79380300142834,0.6,June,1,3,9,1,Returning_Visitor,False,True
2,235.76623005125634,3,74.25302194212358,87,4104.555174886036,0.061162702256732794,0.12817605873703064,18.985266027096912,0.6,Dec,4,2,4,12,Other,True,True
8,271.61640289497905,5,48.844514903059135,48,3386.456727751039,0.15184779593139902,0.0724665697521354,11.01721202536331,0.4,Nov,1,13,5,15,New_Visitor,True,False
6,79.62286913963223,7,56.07433218253849,55,3183.876238272242,0.12394957089831321,0.059836860896995456,72.12872689738266,0.0,Aug,5,4,8,5,Other,True,True
3,101.8506246381371,7,5.938697504176316,1,2014.9477441960282,0.015482310396950118,0.1594123173089811,15.642691882161907,0.4,Oct,7,10,1,6,New_Visitor,False,False
9,45.58224520309584,4,117.20463329578176,89,2893.3615778420644,0.10256707248702841,0.13395761538924705,84.99374914047237,0.8,June,3,3,6,16,Other,False,True
4,76.82901908055634,5,57.428304149862754,66,1546.2918851190934,0.06866019383914819,0.10385011521188957,72.61894838621052,0.6,May,4,12,4,12,Returning_Visitor,False,True
1,226.84681730264134,3,123.49663813701073,30,2391.2283962956267,0.06571412654645885,0.1712536733747111,84.18253643652626,1.0,Feb,1,2,5,12,Other,False,True
12,265.17719686412806,8,280.49832955162964,3,3967.384511569573,0.12045126047545146,0.10820877113914355,29.901267960934607,0.6,Dec,6,1,5,3,Returning_Visitor,True,True
10,8.930946239159688,7,129.162062852157,21,4906.395571302756,0.06446496489388498,0.16939476344009113,31.659806041056903,0.2,Sep,1,3,2,2,Other,False,False
12,398.3989139320138,9,263.39534909545046,89,4663.119728713111,0.15537874964097453,0.09586341912685621,67.12215563463177,1.0,June,6,10,8,7,Other,True,True
7,147.08398667173896,9,181.65142998476296,84,4669.991054802782,0.014158287202234887,0.06092679463177997,3.144595505894754,0.4,Oct,8,6,2,2,Other,False,False
3,455.91801747995555,0,74.13946639841757,49,2017.0964368870907,0.1320776504791651,0.18989595406998938,72.64967463374226,0.2,May,4,9,4,7,New_Visitor,True,True
8,483.75563180688886,1,106.75642777776342,86,2349.261503728887,0.16183896073134826,0.10918266939220599,83.57830708546012,0.6,Feb,2,11,5,11,New_Visitor,True,True
4,92.72943733832717,8,25.175860746428825,85,3531.120627881218,0.13456633798408602,0.16890388592740668,41.516358660410404,0.4,Jul,6,5,1,11,Returning_Visitor,True,True
12,231.04864538283033,7,100.03877807880315,62,4611.737720975909,0.09944583900399916,0.09187161998334567,76.48788300884686,0.4,Mar,1,3,6,14,Returning_Visitor,True,True
8,0.6159175832129438,2,203.26228365106022,97,718.5513541669025,0.19006140274723626,0.1469547668185484,17.461091698226195,0.8,May,4,5,2,3,New_Visitor,False,False
3,299.1636325612135,7,21.633327878830556,38,1528.1669004977068,0.05998769795961272,0.18099663098865926,32.22603938194847,0.8,Aug,1,5,5,14,Returning_Visitor,False,False
9,303.6532241313356,0,61.62042254340881,15,704.8417545246065,0.0038335775049955557,0.05624660335099705,97.43049631104775,0.0,May,2,5,6,11,Returning_Visitor,True,True
4,123.76997780168757,9,114.43231242399344,52,3063.922564497682,0.08639787429268818,0.17459536470291342,98.63281735601262,0.8,May,3,12,8,4,New_Visitor,False,True
8,279.206336291599,3,294.61486110478876,79,1538.4419744688123,0.00660238718006545,0.1356999507457893,51.2605053021588,1.0,Aug,7,12,9,17,New_Visitor,False,True
7,112.77007122186772,2,235.45854688766406,46,1637.2781840377415,0.19078735050528176,0.1411207630862854,93.4269791463877,0.4,Jul,7,7,6,16,New_Visitor,True,True
2,80.41273453909503,5,220.04602394763117,25,363.8706378450164,0.0419836091496103,0.12847370012089743,52.27306780568546,0.8,Dec,2,5,5,3,New_Visitor,False,True
0,325.75973340113234,6,34.85728695763379,21,1755.4823484198837,0.1577854047897759,0.18117126549254636,29.15881281611573,0.0,Nov,5,7,4,10,Other,False,False
2,162.96273197603745,3,234.29876808449742,88,4313.857571933911,0.154914416634873,0.05651500358534562,26.689928809877184,0.6,Feb,4,9,2,15,New_Visitor,False,False
3,295.1319694428112,6,235.58064345480454,5,1173.0333313352664,0.043545779936586704,0.08915425873037722,92.95057053681488,1.0,May,2,5,2,8,Returning_Visitor,True,True
1,216.6233744858278,8,180.3308086872985,70,3478.9854563882277,0.12424530609603346,0.18136438082887335,17.24463889738591,0.8,May,3,2,7,18,Other,False,True
0,492.175703701452,1,297.1085345995116,47,3151.845441243577,0.009615793697290043,0.1628518553797934,57.96324582018182,0.4,Aug,1,5,5,3,Other,True,True
6,74.79032133378288,2,97.57617177736559,87,4318.788195761886,0.0967149171407735,0.05264677402679088,55.552506806271964,0.6,Oct,4,8,7,7,Returning_Visitor,True,True
7,232.29929831790508,4,282.3817344725555,68,670.1168587786808,0.0029294254544973476,0.12755094248145632,73.9621684652995,0.4,May,8,12,1,10,Other,True,True
6,340.2283131796626,2,274.4193344869511,91,4888.173902121765,0.18422877603616838,0.12943590210690126,49.924290752477475,0.6,May,6,4,1,20,Returning_Visitor,False,True
13,197.77254193998434,7,3.4441979248133525,18,2917.316943741424,0.19521720483991434,0.11013232026918657,27.22856607081342,1.0,Aug,2,2,5,9,Other,False,True
4,487.3499259353449,9,135.0349579424433,21,4977.416020210604,0.04445655332771706,0.09460899980929846,16.939649963157855,0.4,Oct,8,10,2,14,Other,False,False
11,360.9438139634675,7,293.131269915472,92,4558.458482070596,0.04162120691927456,0.15225872756185133,62.08188035058918,0.8,Aug,8,3,8,14,Returning_Visitor,True,True
0,328.49192878224653,7,30.936408722422737,99,1115.3711878443978,0.15074403531242594,0.08116856970571308,71.89907568532331,0.8,Dec,3,9,3,11,Returning_Visitor,False,True
6,378.52963380561164,8,164.33540831499585,86,290.2484294175324,0.0506758797658669,0.16984228431075593,56.95212786820326,0.0,May,8,9,1,1,Returning_Visitor,True,True
12,476.3243190193585,3,293.68725211233124,23,1285.639078038854,0.17901531183236902,0.1704555741151208,73.83512771211947,0.6,June,2,8,2,4,Returning_Visitor,False,False
6,453.9093264923201,4,166.64862723175804,64,2642.5426085071053,0.11478582722459646,0.11228921563592309,14.152120244996013,0.0,Feb,5,8,7,6,New_Visitor,True,True
8,362.14265406320595,4,56.9445908916468,67,866.265871655298,0.07015552460206242,0.09253220163644715,88.24701949431355,0.2,Oct,7,8,6,5,New_Visitor,False,True
2,374.58081955064154,7,174.65496902777693,40,845.6241251447626,0.16653874926988402,0.092581727238607,58.239550840850306,0.8,June,7,8,8,3,Returning_Visitor,False,True
8,72.96103701757272,6,61.332172184864056,10,2318.341800054714,0.09868134008267904,0.12234369859943153,12.684392689259717,0.6,Aug,4,8,7,2,New_Visitor,False,False
13,51.39620224633285,8,155.91127886834528,89,176.00717613509855,0.1823265827416951,0.15793688371240383,46.1925204205735,1.0,May,1,1,8,3,Returning_Visitor,True,True
0,285.45225092208216,7,22.2126653737044,52,618.2215318360296,0.1856028473458762,0.10383030364907883,84.47917378659115,0.0,Aug,3,6,3,9,Returning_Visitor,True,True
0,9.18381847027,1,181.6448007643214,72,2085.1480836456585,0.033084030425681865,0.14150650181866276,89.75621934531601,1.0,Nov,2,12,6,19,Other,False,True
13,241.17819077579577,9,155.03698173844745,75,325.01824694775263,0.0004646812263860545,0.10737266908738916,26.46495049987615,1.0,Nov,4,9,7,19,Returning_Visitor,True,True
3,105.1747899594343,3,222.04841062843894,61,1989.8077317130915,0.19678618802848047,0.09567847837270751,71.12658247104531,1.0,Dec,2,8,1,17,Returning_Visitor,True,False
8,173.00828382241977,5,189.2101413476355,64,2375.291267082741,0.18122750722549588,0.053728927387369126,9.998524748377669,0.0,May,4,3,1,18,Returning_Visitor,True,True
5,387.90236789647804,1,164.881880559227,5,2261.820404224841,0.011089047140768284,0.0505871158603086,3.3545871412157813,0.2,May,7,11,7,11,Returning_Visitor,False,False
12,470.61875211619326,6,206.93365477443635,53,4347.182538441406,0.166606852788214,0.08408115167480068,56.03989538199428,0.0,June,8,1,3,12,Other,False,False
10,36.20813607317075,2,43.18257407166926,55,2655.0116507081448,0.09156098651184133,0.11096094302014933,69.48275793281259,0.4,Sep,5,2,3,3,Returning_Visitor,False,True
2,267.12110298822256,2,178.60789837758122,37,2345.2225077654366,0.05179232100499505,0.17768917510430904,79.5786731176502,0.8,May,2,11,5,18,Other,True,True
0,441.26674290980003,1,51.633180846833305,56,2059.439134504414,0.17574930473538597,0.16977263643956383,34.02162384553347,0.0,Dec,5,2,6,6,Returning_Visitor,False,False
3,41.254267220210636,7,277.65666235556426,59,4089.940657739386,0.03933344647806145,0.09007478938819849,0.6525410428886991,0.0,Oct,6,7,2,7,Other,True,False
11,412.25702344841693,5,20.500231453681263,93,4476.332453959168,0.1894599998840134,0.08668106644764491,47.95192371113538,0.2,Oct,6,12,3,1,New_Visitor,True,False
12,178.90067546413567,0,129.11242490723797,69,4267.679921293617,0.04112429753986822,0.08409831066050413,1.585354537356698,0.4,Aug,8,6,6,6,Other,False,False
8,161.04735110966766,0,208.73924329663345,73,3370.9974248756403,0.1227366375457487,0.10088560107933006,9.198451067079993,0.0,June,7,11,3,18,Other,False,False
2,488.73319315739286,6,137.40666350047763,59,695.4351123836844,0.044617266905794976,0.12472980793425283,32.668902253174835,0.8,Jul,3,2,5,13,Returning_Visitor,False,True
11,100.42954493114709,7,27.628575969870706,2,1391.5811477651412,0.10913373299372696,0.11580016580473633,43.71720495601772,0.8,Mar,5,8,9,19,Other,True,True
8,346.59697041134046,4,166.01370483801222,65,239.85468777306738,0.13679502598302826,0.08274097981722407,27.946944122964858,0.0,Aug,4,9,3,7,Other,True,True
6,410.72036400493323,4,192.48957264820638,60,4654.81213420067,0.03804558616402751,0.06956771149154271,58.18652665047078,1.0,May,3,7,6,19,Returning_Visitor,False,True
11,20.591747639635837,3,211.13769329715228,51,3307.3846631576425,0.10417715654013585,0.05188667187292931,5.534978921809519,1.0,Aug,2,4,5,9,New_Visitor,True,False
13,335.1927291772061,5,111.97794433882767,30,3734.350792723075,0.0938119488780238,0.07309448579997559,14.457971023958471,0.4,Jul,2,13,5,3,New_Visitor,False,False
14,475.7749871776635,5,169.09799130862865,11,1564.7429805153224,0.014207484280668248,0.15580345552911776,69.52584007554336,0.8,Mar,4,13,6,12,New_Visitor,False,True
3,62.109983364029674,2,135.20594248167393,92,4229.811076163938,0.1636615635350606,0.08654578540183744,14.214085359791772,1.0,Jul,1,1,6,20,Other,False,False
2,448.11065134251913,8,201.616811625676,76,1305.4203857053078,0.06713648012856835,0.12029027151822648,63.97752015704224,0.8,Jul,8,4,1,18,Returning_Visitor,False,True
9,297.388318688468,6,175.06709019744557,39,18.202347991123922,0.11491643951037592,0.13869517233848672,5.468462075336555,0.4,Nov,1,4,9,8,New_Visitor,False,False
14,308.302290931237,0,157.72686586774046,90,1888.3106629782628,0.10295684698662688,0.1830261354247411,40.73822791191404,0.4,Oct,8,8,5,9,New_Visitor,False,True
4,306.47208743280294,6,74.85731005147458,77,2858.099789985776,0.10265210091408845,0.18332826475901293,17.740947012118234,1.0,Sep,2,4,1,13,New_Visitor,True,False
4,149.41794316865693,4,0.605555324470175,72,2398.7372412479576,0.021444478841697492,0.16186006005220388,10.963628253518642,0.0,May,8,4,8,8,New_Visitor,True,False
2,467.60090764972983,4,52.22450259342878,63,4311.759951457219,0.08469640184986656,0.05527354880727522,56.70327835012275,0.6,Dec,7,13,7,10,Returning_Visitor,False,True
11,473.67523131551934,1,35.119812427250594,64,535.972376921273,0.09047335184131405,0.13626056286281224,92.83357720056217,0.2,June,7,2,7,17,New_Visitor,False,True
8,312.6523301069739,3,134.72542350328402,61,2773.5789687622905,0.1467285680728897,0.167987520624726,5.478704792354883,0.6,Aug,4,12,5,7,Other,True,False
3,391.71136297080733,5,183.67744522855338,54,2569.766955606328,0.16800376638413972,0.05259320671450449,42.15542482180342,0.6,May,1,10,1,17,Other,True,True
10,306.128992940579,9,63.92550260544245,92,1414.1509810390935,0.1089964556200036,0.13245269204848675,70.75354377454437,0.8,Nov,5,7,9,18,Returning_Visitor,False,True
4,242.1992237870203,6,281.71712879015615,94,4112.918281759283,0.017356590812998098,0.17866462186790444,46.268783168782704,0.4,Oct,2,4,9,2,New_Visitor,False,True
3,330.41005914962534,4,2.0046387671663335,73,3766.7147928522095,0.04736989411930925,0.12111531137634006,80.64959461052452,0.8,Aug,6,11,8,3,New_Visitor,True,True
4,276.50072629597923,8,231.69030454960287,95,3666.9673447858368,0.03298680537054621,0.05061593043461727,17.96453158641317,1.0,June,5,6,5,19,Other,False,False
6,298.73793131596506,2,187.56143085913268,58,4382.200466565085,0.02492301263782495,0.051652003750341124,95.95942050277405,0.2,Sep,4,3,3,1,Returning_Visitor,True,True
8,391.916276709431,0,112.06644031430457,85,3616.6951571013906,0.07317985972356152,0.11249540561206259,38.51626277725405,1.0,May,6,7,8,10,Other,False,True
6,240.45191572449244,3,15.146683323722376,56,1166.888045656485,0.04587870043087641,0.07325130011251318,34.15696329442751,0.0,Dec,5,6,1,14,Returning_Visitor,True,False
12,20.377053046236384,8,188.24597153528381,34,3530.7579311319587,0.04366062236230246,0.14966759856398895,87.46057945031659,0.2,Oct,1,3,3,13,Returning_Visitor,False,True
4,81.99974049474862,3,115.68405385969442,31,1545.4370388153209,0.010938634915253532,0.15631988973592312,56.38670318917666,0.8,Feb,8,4,7,9,Returning_Visitor,False,False
9,219.30360824476918,1,280.88014182396574,52,1218.451505233878,0.0035340089590867765,0.0766819693190943,51.644434190282155,0.8,May,7,10,4,6,Other,False,False
9,362.41327993702913,9,162.5970224669298,89,374.2879285691403,0.02055364852995636,0.18327999327867278,72.69779195284309,1.0,Jul,1,5,7,6,Returning_Visitor,True,True
6,296.63932415508935,4,281.8954533880525,76,3722.7026159349066,0.03443949588472661,0.1162861767468389,57.98342382810904,0.8,Jul,6,9,5,19,Other,False,True
13,325.14709293672695,2,66.14510804199124,1,3557.894800129558,0.08619674576964063,0.07142688613878856,16.251564475711533,0.8,Dec,8,6,6,10,Other,True,False
14,239.63946428814364,8,217.717773109231,55,1180.1523935937278,0.10210405225976893,0.16463773971040935,67.41976228649297,0.6,Mar,8,13,7,3,New_Visitor,True,False
9,307.8710109711214,3,185.17470625461772,22,3749.401293453538,0.028118383634673116,0.16849617500251596,13.346887928212848,0.0,Dec,8,4,7,18,Other,True,True
4,164.5087189073311,5,221.82246894939354,40,4590.02600663683,0.08495666830483727,0.14589432089981863,80.5857705334062,0.6,Oct,3,11,7,19,Other,True,True
2,235.09129634833255,1,64.40035919176104,1,549.0644978829805,0.06834976846518546,0.17801983298038299,98.97365977122709,0.8,Jul,7,11,7,5,New_Visitor,False,False
6,372.1395327974778,5,199.4983548713321,65,1170.856825550007,0.03668472869959121,0.16060594580460072,37.73876249747763,0.4,Sep,2,7,7,11,New_Visitor,False,True
12,435.9163894865606,2,149.4121179170607,63,3753.8013624957043,0.0013681496296727104,0.18233086058404863,44.47558982020126,0.6,Sep,6,2,3,10,New_Visitor,False,False
10,216.82766697819446,8,222.8474924718949,54,1379.7883008003205,0.09340357330434834,0.11508320727282192,4.643365548281231,0.8,Jul,4,4,3,17,Returning_Visitor,True,False
10,21.830828853680593,1,98.11339324554534,42,3127.0732316757467,0.13713034985303987,0.1621395692149164,1.3733188082578285,0.8,Oct,2,5,7,4,Returning_Visitor,False,True
1,80.83627207340133,8,267.0171076395758,21,415.00948007393544,0.04525546682876141,0.1999627345143567,92.14193348763277,0.0,Nov,5,4,2,18,New_Visitor,True,True
14,10.43056964576905,4,25.29039438340511,79,2266.490370726658,0.026361365979335874,0.1587396796279429,12.862406043919206,1.0,June,7,4,2,18,Returning_Visitor,True,True
11,326.63150961866506,7,242.15679563735642,81,3698.066195744836,0.1774085488893924,0.06712756703556982,44.577874755947036,0.2,June,4,11,3,1,New_Visitor,True,True
8,166.15731267755447,1,258.3958877445272,22,3435.70457578583,0.05500495449755956,0.12774780836437746,81.53546238555614,0.6,Oct,4,13,4,14,Returning_Visitor,False,True
9,271.23931785968375,5,245.17569341004636,38,4077.209782372276,0.04472252395853296,0.1381021686864542,88.93187599283195,0.6,Feb,1,9,6,8,Other,True,True
9,246.63842339189978,2,153.8179182785328,99,4388.486111749812,0.1714193879219832,0.07613160126070866,51.93976852834676,0.6,June,5,11,8,2,Returning_Visitor,False,False
11,40.76324477621335,9,131.5154940092284,80,3868.1856712812037,0.16342141983335226,0.19443374512670564,56.50325249759498,0.8,Aug,1,13,7,19,Returning_Visitor,False,True
0,201.6306805619159,4,298.87868595746306,8,3361.2228372652407,0.08966929410492673,0.07633696664519245,66.96839724632724,0.0,June,1,2,4,15,Other,False,True
12,110.28056246116164,7,68.75158536424864,62,168.29523416199544,0.09784777228555491,0.07663368795698342,96.13824701437153,0.8,Aug,8,6,2,2,New_Visitor,True,True
5,209.19989433382636,9,164.06278976281337,47,2679.4837003131256,0.0435497409668044,0.18727507069618327,60.26699609445051,0.8,Jul,7,8,2,4,Returning_Visitor,False,True
6,101.78914017112135,0,201.20265761469767,17,198.11164732511543,0.0156603340959115,0.11978081496825067,55.947525945634624,1.0,Nov,3,8,4,1,Returning_Visitor,True,True
13,420.22620313846676,4,210.2602907584296,17,4042.2584074089527,0.11468636507113222,0.05947824189117744,1.4534135265990678,0.4,Dec,1,11,6,19,Other,True,True
12,87.09666828912682,2,61.20739972157361,90,1610.4153770551884,0.019668984318042627,0.1397281249907793,8.094970202235608,0.0,Nov,2,7,3,10,Other,True,True
7,480.3902757434885,3,196.19822770194037,13,2816.5225768484256,0.08985490939132997,0.1402739522949572,57.71716266239962,0.6,June,4,10,6,1,Other,True,True
9,207.9536830734704,1,245.51086994440118,17,1404.4320835213239,0.18809943970260215,0.05967511380298428,93.62403878072033,0.2,June,7,11,5,20,Other,False,True
8,423.12264600952466,8,15.005573046333664,38,3914.675720457665,0.19056687783411688,0.19587837434504934,86.6691348399395,0.6,Oct,1,4,5,15,New_Visitor,False,True
1,314.38240910297253,2,273.45638799759496,81,4433.647607943094,0.04786645730947173,0.13160449479418634,98.25789229922046,0.8,Dec,6,7,2,4,Returning_Visitor,False,True
10,367.67514933287634,1,8.85121654356178,78,1999.2260461231892,0.12482268400913088,0.13396935832696466,52.7834037561274,0.0,June,2,13,8,7,Returning_Visitor,False,False
9,383.86194403339016,9,106.79130974651831,45,4315.982743619835,0.09481525282157154,0.1280173121753592,78.79309384377669,0.0,Mar,5,10,5,7,Returning_Visitor,True,False
1,252.42244094650889,8,4.743958869888621,6,1342.7042872070986,0.1751370255172212,0.14160976694669303,84.04003314893404,0.0,Mar,4,6,2,18,Returning_Visitor,True,False
4,271.65026168164417,6,23.14355056187456,35,2677.9580061468637,0.054286172855210646,0.08964496291606325,64.80316573308617,0.4,Feb,7,11,7,13,New_Visitor,True,False
12,256.99793390436247,5,273.35048555402375,14,4295.219534895133,0.0007404813664833699,0.09308620219622613,33.874990421450725,0.6,Jul,6,6,9,10,Returning_Visitor,True,True
4,294.02918904503963,0,106.45824922384435,72,1636.147899652794,0.03251224118628302,0.12670086346941994,46.99784346577944,0.4,Aug,7,2,9,8,New_Visitor,False,True
5,14.697222878253646,4,127.43145912751586,61,4770.670902739648,0.06990456023387961,0.17100287821453697,85.79170722435677,1.0,Nov,7,8,1,10,New_Visitor,False,True
2,197.75758492450763,2,64.60331441476579,15,618.1787138891043,0.06314422595409773,0.05747968647412683,29.854792598216395,0.2,Jul,6,8,7,14,Other,True,False
7,303.09435678058577,0,179.12873105601594,54,101.1925979202961,0.1582725838245772,0.14051063183303691,92.37431312666486,1.0,Aug,5,11,9,14,Other,True,True
12,298.86178262793214,3,178.4409644033369,27,4521.635409365172,0.13611213322776758,0.17101672137594712,22.98063414226651,0.8,Aug,6,7,6,20,Returning_Visitor,True,False
0,396.47804730281575,1,111.66011754756578,13,352.5568440778825,0.059911263922979456,0.07353759080558409,74.95164151567806,0.4,May,2,11,1,11,New_Visitor,True,True
5,327.5046694160543,1,99.91046154161951,31,4959.527087777984,0.09154876343324268,0.05225338129708495,63.055923434573835,0.4,June,8,9,2,6,Other,False,False
3,496.0666581703362,2,265.48929245417634,35,4757.47034127574,0.019111820791667046,0.09690699427121871,74.95994411207623,1.0,Feb,7,8,4,1,New_Visitor,True,True
0,141.9272643043225,7,114.9852718926604,60,693.7343410812401,0.17962928896402017,0.13822155600943975,43.73475724325948,0.8,June,5,9,4,19,Other,False,True
14,179.57551483311573,7,148.05029764632246,6,2692.5472822059032,0.18708496488970683,0.07074247601071217,93.26410625539846,0.0,Feb,7,9,2,7,New_Visitor,False,True
6,191.92357593389815,6,84.99142872747919,69,932.7522843610502,0.19596070707618762,0.11391835564587284,63.24722024114774,0.8,Jul,6,6,8,18,Returning_Visitor,True,True
8,232.90640351012425,5,236.0308510071382,86,2146.494313420298,0.17371056615716754,0.1328482246061417,28.829580455425628,0.6,Oct,5,2,2,3,Returning_Visitor,True,False
12,417.9990318906047,8,119.2344470697275,58,316.51139500656507,0.03479217753924511,0.13983246421359757,63.84550706521437,1.0,Oct,5,12,3,20,New_Visitor,False,True
3,117.89604697960493,3,154.08331396329737,49,1127.3836931049818,0.009239296640325767,0.09116175815005628,28.681574720703118,0.8,Jul,1,7,4,11,Other,False,False
3,388.00010351771476,0,76.00715101789842,23,1822.7312540305086,0.1159193454825348,0.11000444539794371,29.36323917598742,0.0,Dec,1,3,9,5,Other,True,False
5,202.6550915428717,7,296.29787770237556,89,2198.8510262278137,0.18252100537662208,0.16675088436013383,39.95985116208679,0.8,Mar,8,13,1,19,Returning_Visitor,False,False
11,300.92769183100427,6,87.44872227711686,34,4887.706328462377,0.03547027233194857,0.19118220411810283,85.2430417569119,0.4,Aug,1,7,8,2,Returning_Visitor,True,True
14,316.27026661315307,6,231.2227592716655,26,4041.2495719630665,0.001408582924828372,0.17928204966773859,50.0297874393992,0.2,Feb,6,9,5,4,Returning_Visitor,True,False
2,186.42431859446722,2,128.24869510702774,47,3689.6756221166115,0.16109920920644888,0.1346425252600148,67.89008422302074,0.4,Sep,4,10,7,10,Other,False,True
12,256.3076026029026,3,61.865221525241964,5,2689.8361605624514,0.0153591368573468,0.111543920441592,39.1967740274463,0.2,June,2,10,8,2,Other,False,False
11,206.5155873238485,9,239.91562918945834,90,4201.588825415673,0.08274120638200609,0.09994349215571274,26.360543980688146,0.8,Jul,6,2,5,8,Returning_Visitor,True,True
5,34.56639309330972,8,100.08203670871295,20,1703.2209499219982,0.135777467437757,0.06874348491260271,95.46401607162313,0.6,Aug,7,13,8,1,New_Visitor,True,True
6,218.58269440841326,5,259.55800421934333,6,3547.4065727388474,0.04735951709123603,0.06598268708241695,60.358124712306264,0.8,Feb,1,6,8,6,Other,False,True
10,48.69669627677609,4,274.5771554753469,70,4968.982037137079,0.01679251268934534,0.1532536437370487,93.39513385827183,0.0,Nov,5,13,9,11,Returning_Visitor,False,True
9,202.51039954016076,2,257.94715061738276,59,1579.998255586642,0.15400424569116575,0.08896916242567407,20.341300219831503,0.8,Dec,6,6,2,10,New_Visitor,False,False
9,296.4591999158909,8,10.502374442041695,64,3373.347499070997,0.1260350169774083,0.08819925296486703,14.689416391293275,0.2,June,5,9,3,13,Other,False,False
2,289.7074496717504,4,236.21200350153168,18,4223.131172120388,0.19769809689736095,0.19972925817166787,85.58229071239036,0.4,Oct,8,13,1,1,New_Visitor,True,True
6,331.3106395041602,4,123.40183994974316,4,4579.879840919854,0.06886160666399187,0.07818889368106932,68.09172126172514,0.6,Jul,7,9,4,2,New_Visitor,True,True
13,47.63075397731315,3,262.1168760546675,17,3592.484127791108,0.01235247725803994,0.07220896392332446,18.657849925364133,0.8,Oct,5,13,5,3,Other,True,False
2,326.06162276521894,3,191.38627880542163,14,1425.20353785151,0.14687000706705916,0.0648027841639881,26.935970066353775,0.8,Feb,5,5,1,9,Returning_Visitor,False,True
12,156.07402834822355,0,250.0929402431875,78,1638.147936329043,0.10434668377064914,0.13697080177501944,80.06639415253112,0.4,Oct,8,5,8,5,New_Visitor,False,True
12,199.52297306855553,6,149.82953096005062,13,113.5825802985814,0.04264078627782702,0.14417957390031522,45.386861999593606,0.6,June,3,9,2,10,Returning_Visitor,True,True
1,428.9931269613529,8,160.50765137967986,7,3806.821028580833,0.1563457978009519,0.10478418893853231,67.05405065060908,1.0,Mar,4,8,1,10,Other,False,True
11,4.515202064775126,2,43.316289640100166,44,223.27063424913734,0.04075109716998875,0.1303120003267202,31.83520221360109,0.8,Aug,2,7,2,12,New_Visitor,False,True
13,294.2063166703027,1,235.19620760680664,15,4324.615249467701,0.052132330966587315,0.16825992964173692,38.12299527748767,0.8,Mar,2,8,5,18,New_Visitor,False,True
9,299.3569900500538,2,125.81688350009149,19,602.1164662279485,0.01850571087334383,0.17271562524826228,99.07125586231051,1.0,Jul,1,6,9,1,New_Visitor,False,True
3,198.329888171781,0,150.02403548147478,63,867.663795558262,0.07988645580617089,0.19368681135734728,24.761708717471855,0.2,Mar,3,3,9,3,New_Visitor,False,True
11,118.51392855416809,5,235.52931422871228,35,2387.867089452864,0.0837858447874838,0.1736401978884312,50.6456377036514,0.2,May,6,7,2,5,New_Visitor,False,True
7,117.33701913077554,6,179.6536200238317,81,3692.0232716920245,0.10291235806965969,0.134726215507614,84.44023431905322,0.0,Aug,8,8,2,17,Other,True,True
12,441.8548348303763,1,60.32961823280023,35,703.6210039433977,0.1417928534247555,0.07694854487552691,23.9223213665858,0.4,Feb,6,8,3,8,New_Visitor,True,False
14,221.01218689142877,7,177.06979774526783,19,2205.9546645818273,0.18122018573608517,0.06496453365542637,41.521375668433066,0.6,Aug,2,1,7,17,Other,True,False
8,165.44468149458598,5,122.28985739389672,20,2419.4278593064228,0.027546819777561727,0.058176783486628886,61.50912873699883,0.8,May,4,7,3,9,Returning_Visitor,True,True
6,224.38878691570153,3,140.8576626131588,35,1069.3053519262708,0.010869619669731413,0.14997887476780758,48.118815147510254,0.8,Sep,5,3,1,6,Other,False,False
0,334.69520072968066,4,8.493382320800336,32,586.6362996363523,0.003706246718866657,0.17113043830969898,45.95022665703175,0.0,Mar,7,2,6,17,New_Visitor,True,False
2,72.87828412237585,7,63.00880485488448,48,4183.740405698341,0.028724275613763253,0.12630259260261187,36.25097313221236,0.8,Aug,1,2,3,8,Returning_Visitor,True,False
12,224.71691760686886,2,84.31142441430848,44,2517.3035923162,0.1315898971563252,0.058207126225045994,58.66463277749251,0.4,Oct,4,8,1,7,Other,True,True
11,293.9421855551935,2,213.88800235764174,24,81.76236756092334,0.14549541559929932,0.13032058618870074,62.43726979236103,0.0,Feb,2,9,4,7,Other,True,True
13,474.2916774257169,3,3.447741989434594,61,4016.876693532428,0.15730114270562445,0.1903623892286826,65.32895409013626,0.4,Nov,3,3,1,15,Other,False,True
8,126.26389103770963,0,122.63317836873962,17,4904.1610890187785,0.04874164238086853,0.1396419786398691,7.036810790602932,0.0,Jul,1,3,1,7,New_Visitor,False,True
14,179.6253739581228,8,277.2080611277199,71,3033.571715117094,0.061178962652303985,0.17141412326942224,63.103417571204886,0.8,Jul,8,6,2,8,New_Visitor,True,False
11,189.6792949612119,7,33.56418496473715,50,2523.5048515495128,0.09662692911309989,0.17002289725876263,95.32371787812328,0.0,Jul,2,11,8,9,Other,True,True
0,302.76907882244143,7,154.92731646558332,65,4393.295156594359,0.012636619372045299,0.18981936496709795,54.09862355280837,0.2,Aug,6,10,2,15,Other,False,True
8,178.36602652000084,9,235.9567147172541,99,4763.0587805261475,0.12222830464224924,0.16553431484748102,71.52670825092443,0.6,Mar,1,1,2,2,Returning_Visitor,False,True
7,266.7559626498478,5,282.759392256035,32,3775.139210353278,0.19674700673515155,0.16215507710196347,55.67323077592178,0.8,Aug,8,6,8,7,New_Visitor,True,True
0,390.8951649225147,6,224.0329918601154,36,2232.8101193740963,0.07216126227560052,0.0851153997455961,85.47406185919787,1.0,June,2,12,6,15,New_Visitor,False,True
5,352.69279705610177,5,216.16966459332184,13,2965.1847826638877,0.1505694950182768,0.058988773298162225,92.95830945975689,0.6,Oct,6,3,4,18,Returning_Visitor,False,True
4,223.18432325629277,8,247.94642705872872,70,3507.6674714398164,0.1000067831139216,0.12763991975807115,18.421989929635927,0.8,Nov,7,11,3,18,Other,True,False
5,432.10808883708444,2,133.8603662932631,58,979.4251192989891,0.02556236887207655,0.06866513119201328,43.68600365571266,0.6,Nov,6,4,1,10,Other,False,False
9,279.07012479693145,2,241.75335978534991,14,2241.533150760026,0.11644748976051728,0.1943293814416987,39.23821009327213,0.2,Oct,5,9,3,18,Returning_Visitor,True,False
11,269.95291975110626,2,2.3893214236353377,37,4150.808110939252,0.059974853688812994,0.09348871439495429,40.521512329927866,0.6,May,8,3,9,1,Other,True,True
12,17.093882969579088,9,277.3683166130415,79,3277.0794890072307,0.006880641690691647,0.177941630507644,12.55241812278759,0.0,Dec,8,1,5,7,Other,False,False
12,493.3464901785808,2,132.9919528551526,68,2061.908295387152,0.12698594602354876,0.10814369378036891,81.36157259807193,0.6,June,3,3,6,3,Returning_Visitor,False,True
12,61.48540426481336,8,166.0140563597243,40,3320.17904473326,0.17178646986494553,0.09847913747860662,3.576624301493525,0.8,Feb,8,7,5,14,Returning_Visitor,False,False
14,115.5654562138233,3,76.46467467446469,59,599.9298362415748,0.06895395337997483,0.19027378585649318,52.82266077271569,1.0,Nov,5,13,1,12,Returning_Visitor,False,True
4,25.848418620763482,6,222.75924985212643,80,2013.4730767187327,0.0780591094425541,0.10449838581293361,66.18783880446912,1.0,Jul,2,7,1,14,Other,False,True
5,320.00148341845687,8,22.990741942574644,92,3967.7114044356513,0.17820433659344231,0.10854318629947048,20.746943805887717,0.4,Aug,7,11,4,4,Returning_Visitor,False,True
4,112.35058848634,6,261.79074076405055,16,1110.3388478118736,0.1627217626734712,0.06591376694193637,90.58501920987956,0.6,May,4,5,3,13,Other,True,True
10,90.00521873636174,8,248.43504870190282,62,937.9479227115143,0.14299056471035543,0.15056699979237642,83.8549207024793,1.0,Dec,7,1,8,16,New_Visitor,False,True
11,44.2777921116207,2,64.81803487342992,4,4754.5851129829925,0.04975941275062959,0.09332591217162703,47.10837294839253,0.6,Oct,7,11,7,16,New_Visitor,True,True
4,51.65447856200783,3,242.7973194855787,45,1057.3891716352912,0.18204333099332892,0.1378406251759261,41.11489323401387,1.0,Sep,8,8,7,5,Returning_Visitor,False,True
3,292.3353502212944,7,235.90731991844444,90,1311.9837124543387,0.0308831515078426,0.13870275560798145,23.656792521110003,0.6,Feb,7,10,8,20,Other,False,True
2,344.1039329332977,5,189.6649793261847,28,4848.383535132646,0.12535410388344437,0.15787995433936508,72.99932246449636,0.8,Dec,8,8,7,6,Other,False,True
2,198.6894942322005,4,112.05605306990626,96,3676.195765622478,0.005760236109303741,0.1617862229258662,13.174379963196415,0.6,Jul,5,10,2,6,Other,False,True
3,239.9485407960366,3,81.44962625456036,66,3500.9866997874055,0.1287439612649892,0.12716786516023093,68.02377538437831,0.8,Dec,4,12,4,18,Returning_Visitor,False,True
8,342.98386799149205,7,69.535077086805,31,4266.102655434361,0.05542887037467197,0.09964879214051045,84.24569861184136,0.8,Nov,6,10,6,6,Other,True,True
1,8.68989509273982,0,95.58268882908216,3,587.9571803616034,0.089935395436744,0.1756176342252101,22.84715759170237,0.4,Aug,8,13,3,7,Other,True,False
14,161.5653285351393,8,271.0675330297591,8,3532.7216205342356,0.06905291041141062,0.09647984741127272,86.64274028987562,1.0,Oct,2,10,3,16,Other,True,True
8,486.54887403517324,0,23.292232796634384,24,2523.406160547912,0.03455135124924198,0.12612636417039974,3.3323199439508455,0.0,Dec,3,2,6,9,New_Visitor,False,False
0,290.056114847734,7,248.6613828758876,15,4147.461695017858,0.12439615801877482,0.11018788748055922,91.27873853865253,0.8,Feb,4,10,1,13,Other,False,True
13,127.11228994874662,3,104.66702251254706,43,2545.6271761393195,0.1763951110281215,0.17826175789545323,11.836222785129802,1.0,Dec,2,3,1,12,New_Visitor,False,True
14,260.8650233181066,8,156.47981880340745,31,3105.0043578018717,0.1918168484564807,0.11478777967187433,64.57591779380326,0.2,Sep,8,4,5,19,Other,True,False
14,171.32674406045766,4,238.3456900945472,73,2393.9332107336845,0.038469272630783015,0.10791487832562266,25.00824689139418,0.6,May,4,1,1,1,Other,True,True
0,266.1224944131496,2,265.3129641068914,45,2396.013028543662,0.1434745548125947,0.15347355393464562,83.65523911696138,0.2,Nov,8,4,8,8,Other,False,True
4,62.870755903324415,8,103.4344260217941,66,3842.1701905285395,0.13286787332113645,0.14036616647921643,51.23003609154665,0.6,Aug,5,5,2,4,New_Visitor,True,True
5,66.35732690963869,8,138.5530443825331,8,3146.546339229943,0.06867555791491452,0.06608702502437691,13.524119124650136,0.4,Jul,2,3,6,19,Other,False,False
5,71.77118101969643,3,124.35481944503768,71,3169.983376030958,0.0038198398707451676,0.1262253209515945,57.099157132597846,0.8,Oct,5,11,5,5,Returning_Visitor,False,True
2,469.90989596342087,3,3.9753100511731643,57,2256.909594319314,0.13795824946257323,0.16032175824998718,40.78826101969831,0.0,Oct,1,10,4,17,Other,True,False
6,366.4494591706709,7,88.78286665759698,80,2660.2363867242625,0.18909897211190005,0.19881121468870344,66.14478166131012,0.8,May,2,2,1,3,New_Visitor,True,False
8,81.19094733116044,1,137.75677011976853,99,3731.1311543618885,0.12642402438313027,0.1443720250955479,88.19032847634595,0.6,Mar,4,13,3,19,New_Visitor,True,True
10,94.17454188280072,8,123.32808266413193,30,4131.445186368472,0.08705854483752683,0.10554395996619767,40.938913118341844,0.0,Mar,1,6,4,1,Returning_Visitor,True,True
11,365.41473743543816,5,216.57876825470385,74,3485.8413966987905,0.10503077882232568,0.08392273997031777,28.988067953385965,0.8,Jul,5,8,2,1,Returning_Visitor,False,True
9,78.08192239608697,8,115.44108516633096,18,4621.124214339959,0.03992576153198351,0.18092453512299805,1.4515094527608796,0.0,Dec,5,7,2,20,Returning_Visitor,False,False
7,117.28064666741433,7,146.81293469120106,69,4103.417199854533,0.15010883275074752,0.17218478181702543,57.483903785987486,0.6,Sep,4,11,2,9,New_Visitor,True,True
5,481.6734164101995,6,128.882577639709,93,2813.700311149497,0.1492839660019698,0.08508842311690773,40.227476743143356,0.4,Oct,1,1,1,5,Other,True,True
11,127.65326236421592,0,222.18784466831116,39,3360.316302492247,0.02910346007748499,0.08009481352198602,37.464921901482874,0.4,Dec,7,4,2,7,Other,True,True
7,330.8161751855734,2,258.8917196960888,60,4632.278301836768,0.17559567649993182,0.15727051652167634,18.29353212842125,0.8,Oct,6,3,6,6,Returning_Visitor,True,True
11,489.3156437002652,1,159.56672370225425,98,3099.6485407728615,0.05383794789466106,0.09724280928781392,43.00553451912743,0.2,Oct,3,6,3,17,Returning_Visitor,False,True
4,187.14838356989634,4,236.82965825855734,43,4125.786670419355,0.19645121218732298,0.09595981975429368,98.44419535833683,0.6,Dec,4,9,5,17,Other,False,False
7,8.757995431031118,4,89.03600460595517,45,3447.1644129140354,0.07658060280744916,0.07284353706014829,29.775415367224433,0.8,May,5,9,1,13,Returning_Visitor,False,False
9,122.07364521118713,4,162.41088304718062,23,2764.162441691728,0.03557681174689993,0.08959632795647449,59.97044134081002,0.8,Mar,2,7,8,12,Other,False,False
11,415.43859567085275,3,103.56898610099174,69,1216.772595122612,0.07034402226913046,0.11412613363889745,77.64868813156667,0.4,June,1,12,4,4,Other,False,True
3,432.3044179775183,4,124.26027767154909,94,2135.7276221474563,0.08803606573943863,0.15992575059086234,74.91578231765317,0.0,Feb,8,9,9,8,Other,False,True
9,384.2596822618956,2,219.72415944380057,6,4839.036695920241,0.013861554607658966,0.10044621416206248,32.877428749259074,0.6,May,6,8,4,5,Other,False,True
7,56.554909538286516,0,264.4987446998138,56,3292.2492625302743,0.1156436762446579,0.09929065092197642,61.08600835168504,0.0,Nov,3,5,2,5,New_Visitor,True,True
9,397.75518584820156,4,36.448617326329625,4,2826.332947891558,0.11952648797378007,0.09273698788286538,87.12646852701572,1.0,Sep,2,9,3,13,Other,False,True
11,459.3388984967521,8,190.39177694621415,93,4665.453561385854,0.14778609106989446,0.12174255012665647,1.5447427733077945,1.0,Sep,1,7,5,11,Returning_Visitor,True,False
1,300.30477127311804,8,174.64314227333955,23,2936.6937873768693,0.005833978458148659,0.0770955046911973,43.57343568433076,0.6,Feb,6,5,6,8,Returning_Visitor,True,False
11,470.43767816903244,3,35.52451175277957,6,2635.151766902841,0.10824764288676603,0.12284461010481884,22.427341824190528,0.2,Sep,4,8,7,8,Returning_Visitor,True,True
11,413.4194418559387,2,63.56829913203272,32,3798.961167199524,0.010581486654132877,0.1556263334292035,38.8632290398839,1.0,Dec,8,7,4,1,Returning_Visitor,False,True
4,333.48575849545364,0,93.30074841980408,18,3566.2014387428567,0.1402288439933307,0.05446857560489333,41.598960797524164,0.4,Sep,6,9,7,13,New_Visitor,False,True
8,288.5926183558741,1,50.07932124525044,15,973.8684419580793,0.011145597140196896,0.051466907045864284,74.6670964786637,0.2,June,4,10,3,5,Other,False,True
3,174.28683362098525,7,73.11884475730254,40,2361.8282901248645,0.18234556966832655,0.06126843652317639,9.382187239544315,0.8,Sep,8,1,7,8,Other,False,False
10,79.64372262140257,0,80.28023965851226,96,2367.8520596697304,0.1404165133768993,0.13034900925921683,51.25839031325105,1.0,Oct,8,13,4,17,Returning_Visitor,True,True
5,302.4769613452704,7,100.70214991171788,73,1897.3403310642905,0.10147795301703143,0.17816826247781054,56.41947917987453,0.4,May,7,9,8,13,Returning_Visitor,False,True
14,159.05577680905975,6,224.8171358403477,74,2591.2944759397433,0.08830078465623499,0.05073266990303779,49.41576035518044,0.8,Dec,1,7,9,9,Returning_Visitor,True,True
0,433.2193337638227,7,171.57366115518022,84,2071.4059146584495,0.026134526082652477,0.19049919568770218,73.18732530627202,0.2,Mar,8,1,7,2,Other,False,True
8,496.66846867931423,5,295.87400158542044,6,1004.7339924612038,0.05819987791293262,0.06594177673558038,38.37912559068474,0.6,Sep,6,1,8,19,New_Visitor,False,True
0,376.21388130778627,8,124.4207480902413,63,2067.7087715006587,0.17379182100417925,0.17629752920873398,94.49670636400761,0.8,Jul,8,5,8,20,New_Visitor,True,True
4,45.24084764352537,2,226.1595221510775,67,370.66196839015123,0.18089056231249878,0.12242821474744203,48.180344253894134,0.0,Jul,3,8,2,17,New_Visitor,True,False
3,144.34279776531906,9,261.44052641296014,11,2883.1714552443136,0.0001495416741062128,0.14890360809182662,57.121390961479754,0.6,Jul,6,9,9,7,New_Visitor,True,True
12,54.55481588287486,3,203.69354791141257,43,4269.736199216149,0.11882727829551026,0.12660244766707737,82.55308233467494,0.6,Sep,1,12,6,3,Returning_Visitor,False,True
11,325.2558238958579,5,123.5594221252488,17,3629.1825509292307,0.14386012180502272,0.12155723377690321,27.523610593112245,0.2,Nov,2,6,4,19,Other,False,False
12,382.5954322778923,7,226.07838922372588,96,1808.366259870015,0.12374939649152127,0.17523491425465876,7.520202876280246,0.2,Oct,2,12,5,19,Returning_Visitor,True,False
12,462.83741544035587,4,61.10014133180546,4,444.48531583076783,0.016335952973270795,0.16338295693517246,70.77839783624825,0.4,Aug,6,13,5,9,New_Visitor,False,False
13,219.08617320599382,2,98.26564955403973,63,1018.725502134101,0.043544979759780444,0.12251033547845064,48.301185554837865,0.4,Sep,6,10,7,10,Returning_Visitor,True,False
2,450.68782479422214,5,164.00557652978662,68,2731.9967990692303,0.05006805347627721,0.06674538940940924,89.65042509589948,0.0,Nov,4,12,9,14,New_Visitor,False,True
12,438.9455795206638,3,172.6228161858445,81,1043.214846081334,0.16634492626101793,0.06731044389716123,98.26800487224341,0.6,Aug,1,8,7,18,Other,True,True
5,158.5978583826993,8,6.642442641788837,41,2724.425825311988,0.0926398872617841,0.17023091910786134,39.91093505747292,0.0,Feb,4,6,9,15,New_Visitor,True,True
1,434.4503127702855,2,283.53425662680263,83,1165.6791335718556,0.09736564238824737,0.12940859320213005,41.543901625966086,0.0,June,3,11,4,1,Returning_Visitor,False,False
2,187.83612594086324,3,208.988181365217,5,4246.130108685603,0.1869786093109017,0.1222383710329044,40.79626022057264,0.2,Oct,7,6,4,6,Other,True,False
4,148.43463728014038,6,148.71112506956732,32,1992.384649473894,0.1274171777709431,0.1520850262041073,32.45541097309261,0.0,Sep,2,4,6,15,New_Visitor,False,False
14,324.5373293971965,6,279.9381703224925,86,1235.2976234630105,0.1797335403105328,0.17882623751213905,78.16870977663974,0.0,May,8,11,8,6,New_Visitor,False,True
8,164.19061394254052,3,131.72866957524855,70,4063.5076394328375,0.0913017710683066,0.1443309716619958,75.89957624907277,0.8,Dec,8,5,9,18,Other,True,True
1,315.1043741645721,5,294.13067108111153,35,1720.7664343791992,0.029887251703658847,0.16442718535197187,47.864487055052486,0.4,May,5,2,1,1,Returning_Visitor,True,False
9,304.91590274934725,2,153.68542717304553,22,566.3235623155218,0.18598711881481714,0.16479057861754356,4.466121637889875,0.4,May,5,3,1,3,Other,False,False
7,281.7194636742294,5,34.285730999393834,65,2856.343362104172,0.09174102313350765,0.10343921731894387,30.955930151307342,0.6,Feb,1,3,8,17,Returning_Visitor,False,False
13,190.20985211639885,1,229.44029173778318,84,2912.005380145564,0.03632628437576437,0.09111247934614936,29.230304655483753,0.4,Dec,8,12,7,16,New_Visitor,True,False
1,274.2498608257384,7,203.66931752335216,22,3576.3314194263135,0.06047914806078445,0.17017461007627382,81.10872462002584,1.0,Feb,1,11,9,8,New_Visitor,True,True
10,298.2427374927108,1,231.89601639167603,11,1208.694971709844,0.01016051793778845,0.10657681876763654,8.757557341617472,0.6,Aug,5,5,3,17,Other,True,False
12,272.8434442477367,6,285.4326086177043,77,2224.418982070303,0.09366011829127703,0.1855004009784058,80.56753790427041,0.8,Feb,1,5,5,8,New_Visitor,False,True
4,222.20972637560078,8,232.94679079530545,3,1419.0159160228545,0.17062563438204734,0.06045360450951795,66.9183652199143,0.4,Jul,2,6,3,17,Other,False,True
6,7.333528523131905,0,183.40098066499405,9,413.9591432172837,0.1867160912013379,0.05873262681130095,73.24414591304492,0.8,June,3,5,5,9,New_Visitor,False,True
7,293.53085385057545,7,257.19267070825225,60,4384.3029968093,0.18652044150072877,0.18905062401521128,43.22131875850235,0.4,Jul,3,12,1,12,New_Visitor,True,False
0,84.22219257135983,6,201.97393180635947,76,3647.0603243968226,0.02504600512574935,0.14726823712721526,67.97257960017582,0.4,Sep,8,6,4,19,Returning_Visitor,True,True
5,321.2879844735948,5,122.43571704777693,87,1514.3006666994154,0.0764107765022114,0.10693990346724985,60.902894470691585,0.8,Aug,4,8,6,4,Other,False,True
0,379.672163961433,5,265.68592927253195,14,3000.8712344312116,0.005645751930141274,0.16325906222242742,76.89801952286295,0.0,Nov,2,2,2,11,Other,False,True
1,250.22265456537073,5,66.57013823531186,97,1014.3063027910174,0.17103306899429457,0.15084902149904622,44.67698344682521,0.0,Aug,7,4,7,4,New_Visitor,True,False
14,271.1818324898692,8,214.39238247261727,18,4452.280742760897,0.07175115240425477,0.12968015702293945,47.282562489630244,0.0,Nov,1,13,8,14,Returning_Visitor,False,False
0,475.7392798329956,1,264.46903648222707,73,583.3826533759324,0.12622340557844697,0.06483100139939771,64.35762227398202,1.0,June,1,6,1,14,Returning_Visitor,True,True
10,423.5836806862871,0,219.39495591098887,23,29.147356083926486,0.14297968761545773,0.17182693809391275,10.80774936663883,0.0,Feb,8,12,4,6,Other,True,False
4,457.118257975735,5,209.18262571615708,74,2515.0209067185187,0.08596893394863109,0.1799034786020937,43.62444483643173,0.4,Feb,7,5,4,17,Other,True,True
9,406.88314415979323,9,225.7914882215508,83,2919.807839029818,0.061288467310048604,0.07582530328289737,97.19508452598056,0.2,Dec,4,1,5,2,New_Visitor,False,True
14,54.45917092336572,7,139.5165744901933,47,2899.036948276064,0.19244258202318895,0.17757674779656002,3.7552320060045608,0.8,Sep,4,9,4,8,Other,False,True
8,74.49592798509735,2,262.2512046471078,69,282.0145179147532,0.19289764500477086,0.18167709665248466,31.60047228663938,0.2,May,1,3,9,4,New_Visitor,True,False
5,263.3118986344798,9,61.03094254082736,47,1577.0785965229782,0.05788727360600439,0.1324142918432774,31.410981908937075,1.0,Mar,1,2,7,10,Returning_Visitor,True,True
10,123.03482939899912,0,38.21592480010179,87,2501.002744738246,0.09592501934889162,0.14842685543340306,63.346411923577264,0.2,Aug,7,9,2,7,Other,False,True
10,238.34773752057959,8,85.65263403555346,30,1090.730136279932,0.19456883173200448,0.10733559800217372,10.58003594241399,0.6,Aug,8,7,1,4,Returning_Visitor,True,False
0,197.1826619091751,0,159.47321903249795,25,4364.403168574623,0.0009736815311006453,0.09226874712638991,62.85440308788611,0.0,Sep,2,5,9,16,Returning_Visitor,False,True
12,274.70711921522667,2,153.16853862280144,28,444.67535441255586,0.08253564967582985,0.15829747204274675,9.504024065161943,1.0,Jul,7,12,1,14,New_Visitor,False,False
0,373.43785806791135,7,246.179627302976,98,2442.0483639434938,0.020091509936193686,0.17928127235237123,9.4953647418331,0.4,Oct,4,6,6,16,Returning_Visitor,False,True
1,357.7454535496372,2,121.37059692120522,25,3460.1661269906285,0.10183159311252053,0.14811163294336216,72.81833571884823,0.0,Sep,7,12,2,9,New_Visitor,True,True
8,260.6170662426672,3,145.30332788745258,74,1316.1379896710673,0.00493399090809743,0.1267385915969824,32.41351738327963,0.0,Mar,7,11,4,4,New_Visitor,True,True
2,411.19670940852905,7,4.0103049778186906,78,3124.9612776176155,0.08137968627812558,0.07383871502662574,97.74229477137479,0.2,Feb,7,4,6,6,Returning_Visitor,True,True
14,215.43104576901666,0,122.92177093288173,58,4148.631899210449,0.04413981495706703,0.058018806890722724,3.735293643555493,0.6,Nov,2,1,5,1,Returning_Visitor,True,False
0,448.35714492006116,5,194.33226988510262,94,959.7815057242873,0.10666167249174817,0.11685376853701197,44.51066637179941,0.0,Jul,6,4,6,7,New_Visitor,False,True
4,35.640135027581955,0,4.6524991879776545,41,4586.930753206066,0.19919872982013995,0.05740243455461319,11.313593767402363,0.8,Jul,1,9,3,1,New_Visitor,True,False
6,477.3300150166537,0,84.26458955587313,25,2772.2570779851662,0.16010722102534955,0.13540019478608378,35.137896675810865,0.8,Dec,5,1,5,19,Returning_Visitor,False,False
5,327.3465407156741,7,62.386907786816984,78,1503.1677014622921,0.1691284183248843,0.1074093786976657,99.82224506090506,0.0,June,8,10,2,8,New_Visitor,True,True
11,190.03725446860264,3,12.595628672876469,99,2159.982794157531,0.12705299747181617,0.16357836795229544,88.88425117385317,0.2,Mar,7,3,7,3,New_Visitor,True,True
0,98.57706328643867,0,143.77802697436124,48,1567.837500094076,0.008311969654451712,0.09584727452542752,4.8324408855396905,0.2,Jul,8,5,3,1,Other,True,False
4,239.59161472179997,9,54.51698796844695,98,3628.3046880672473,0.041359535208828825,0.13894740514511483,56.32558438256834,0.4,Mar,5,7,1,1,Other,True,True
14,97.27916159265048,6,222.92446188941403,10,3983.5403104415095,0.185012911289411,0.13065252826326507,64.78223048244357,1.0,Sep,6,9,8,7,Other,True,True
4,83.16580387157107,4,254.37836512900455,99,4166.357587670119,0.07322262358575025,0.050706863828336175,20.95346239501257,1.0,Nov,1,6,8,13,Other,False,False
5,308.6758787064871,4,163.67555480074435,75,4928.983565432848,0.02072734529615912,0.060858409739646555,14.510557339645025,1.0,Nov,4,3,3,1,Other,True,False
2,261.54236229089236,0,294.51220275634245,11,3958.508619558451,0.1404810731732404,0.09355523187290309,90.43811346655234,0.6,Aug,5,13,7,16,New_Visitor,True,True
4,335.04801730547086,9,135.1435714411786,85,3010.9065127359313,0.05989154478685093,0.1823352621531148,96.88164414833767,0.2,Feb,8,7,9,14,New_Visitor,True,True
6,464.80293871099457,5,154.01046306747466,21,1702.709288975001,0.05377138258083434,0.07205224323496678,99.18928573196418,0.4,Aug,8,4,8,4,Other,True,True
4,266.1301066695201,8,296.76532618732506,86,2727.5312890666396,0.1995954911116521,0.15663414956908128,78.97617737346346,0.8,Jul,8,3,3,12,Returning_Visitor,True,True
4,290.46602663139885,8,69.46453078951464,45,214.93018222412306,0.17162778500533088,0.19600498492284313,66.35020694052571,1.0,June,4,7,2,12,Other,False,True
4,44.81316957747106,7,282.76378190307156,7,3726.677126894266,0.08158756367356822,0.1685851329036733,34.573025219299794,0.8,Aug,5,11,7,17,Returning_Visitor,True,False
9,358.81789295431474,4,12.851266535733973,81,2235.318170009588,0.1960522415632998,0.0864418042530566,17.139831232475245,0.8,Aug,8,11,7,15,New_Visitor,False,False
9,199.9526034020781,0,133.91606707895843,64,109.91591636361622,0.13002264468384273,0.18625478906196224,7.89805993662317,0.0,Aug,4,7,9,10,Returning_Visitor,True,False
2,488.36261933128947,8,21.001053639919732,64,321.9096381369499,0.14840449037595205,0.06396607347625852,69.3297468551492,0.6,Mar,7,4,5,3,New_Visitor,False,False
0,411.58700779783015,0,218.7704228740929,2,1943.4576544705656,0.0063026086164423185,0.12022129128061038,78.47234151793583,0.4,Sep,8,12,4,20,Returning_Visitor,True,True
4,261.2405202580592,7,182.52268076400532,76,2921.273379901991,0.02432105186961142,0.18313128615896207,82.645365245498,0.6,June,5,7,8,20,New_Visitor,True,True
13,61.61132708608302,4,211.99027904027892,42,2326.377705271112,0.12661702529924768,0.1461898563885305,91.37650033037986,0.0,Nov,4,11,4,12,New_Visitor,False,True
8,429.70789664029456,2,112.34411999040509,82,3099.8295432878526,0.17980479652989678,0.11204668470915484,87.99295636383737,0.4,Dec,6,2,4,1,Other,True,True
13,399.8905477120108,6,110.84458020941409,54,2406.6683513688654,0.12474874521751914,0.09392193001057533,99.97412722580926,0.4,Mar,2,1,2,1,New_Visitor,False,True
